/*
 Navicat Premium Data Transfer

 Source Server         : 47.92.102.210
 Source Server Type    : MySQL
 Source Server Version : 50718
 Source Host           : 47.92.102.210:3306
 Source Schema         : lyc

 Target Server Type    : MySQL
 Target Server Version : 50718
 File Encoding         : 65001

 Date: 20/02/2020 21:05:15
*/

SET NAMES utf8mb4;
SET FOREIGN_KEY_CHECKS = 0;

-- ----------------------------
-- Table structure for t_constant
-- ----------------------------
DROP TABLE IF EXISTS `t_constant`;
CREATE TABLE `t_constant`  (
  `code` varchar(100) CHARACTER SET utf8 COLLATE utf8_general_ci NOT NULL COMMENT '代码',
  `sys_value` varchar(200) CHARACTER SET utf8 COLLATE utf8_general_ci NULL DEFAULT NULL COMMENT '系统常量值',
  `remark` varchar(200) CHARACTER SET utf8 COLLATE utf8_general_ci NULL DEFAULT NULL COMMENT '说明',
  PRIMARY KEY (`code`) USING BTREE
) ENGINE = MyISAM CHARACTER SET = utf8 COLLATE = utf8_general_ci COMMENT = '系统常量表' ROW_FORMAT = Dynamic;

-- ----------------------------
-- Records of t_constant
-- ----------------------------
INSERT INTO `t_constant` VALUES ('accesskey', '03MEinZuAsTzBKwOYJodJhK6wLDo9iW08B2XbnI7', '七牛AK');
INSERT INTO `t_constant` VALUES ('res_url', 'http://pdllax0ti.bkt.clouddn.com/', '七牛资源访问路径');
INSERT INTO `t_constant` VALUES ('secretkey', 'JYQhixPh9Shg4-JLWSl5QlzmV2ETBZOijGECb_PL', '七牛SK');
INSERT INTO `t_constant` VALUES ('space_name', 'web-lyc', '七牛空间名');
INSERT INTO `t_constant` VALUES ('visit_url', 'http://www.liuliandesign.com/', '网站访问地址');

-- ----------------------------
-- Table structure for t_lyc_brands
-- ----------------------------
DROP TABLE IF EXISTS `t_lyc_brands`;
CREATE TABLE `t_lyc_brands`  (
  `brands_id` varchar(32) CHARACTER SET utf8 COLLATE utf8_general_ci NOT NULL COMMENT '主键',
  `title_cn` varchar(100) CHARACTER SET utf8 COLLATE utf8_general_ci NOT NULL COMMENT '中文名称',
  `remark` varchar(200) CHARACTER SET utf8 COLLATE utf8_general_ci NULL DEFAULT NULL COMMENT '备注',
  `case_count` int(11) NOT NULL DEFAULT 0 COMMENT '案例数量',
  `parent_id` varchar(32) CHARACTER SET utf8 COLLATE utf8_general_ci NULL DEFAULT '-1' COMMENT '父节点ID',
  `title_en` varchar(200) CHARACTER SET utf8 COLLATE utf8_general_ci NULL DEFAULT NULL COMMENT '英文名称',
  PRIMARY KEY (`brands_id`) USING BTREE
) ENGINE = MyISAM CHARACTER SET = utf8 COLLATE = utf8_general_ci COMMENT = '案例品牌表' ROW_FORMAT = Dynamic;

-- ----------------------------
-- Records of t_lyc_brands
-- ----------------------------
INSERT INTO `t_lyc_brands` VALUES ('AC8D49FE64714738B34CF10A1BC4A6CC', '耐克', NULL, 30, '-1', 'NIKE');
INSERT INTO `t_lyc_brands` VALUES ('D219A1BD049742C7BDCF6E2F9CB7A4E4', '匡威', NULL, 5, '-1', 'CONVERSE');
INSERT INTO `t_lyc_brands` VALUES ('24BEBFE3769E416C99AF9814BD6E0504', '乔丹', NULL, 2, '-1', 'JORDAN');
INSERT INTO `t_lyc_brands` VALUES ('1C01AE1BC97A4BC6861D571D398CE8F9', '跑者阵营', NULL, 1, '-1', 'RUNNER CAMP');
INSERT INTO `t_lyc_brands` VALUES ('5D99C5967B3D4FAEAA1A6D71C5852777', 'INNERSECT', NULL, 1, '-1', 'INNERSECT');

-- ----------------------------
-- Table structure for t_lyc_classified
-- ----------------------------
DROP TABLE IF EXISTS `t_lyc_classified`;
CREATE TABLE `t_lyc_classified`  (
  `classified_id` varchar(32) CHARACTER SET utf8 COLLATE utf8_general_ci NOT NULL COMMENT '分类表主键',
  `title_cn` varchar(100) CHARACTER SET utf8 COLLATE utf8_general_ci NOT NULL COMMENT '中文名称',
  `classified_remark` varchar(500) CHARACTER SET utf8 COLLATE utf8_general_ci NULL DEFAULT NULL COMMENT '备注',
  `classified_res_name` varchar(100) CHARACTER SET utf8 COLLATE utf8_general_ci NULL DEFAULT NULL COMMENT '资源名称',
  `case_count` int(11) NOT NULL DEFAULT 0 COMMENT '案例数量',
  `title_en` varchar(100) CHARACTER SET utf8 COLLATE utf8_general_ci NULL DEFAULT NULL COMMENT '英文名称',
  PRIMARY KEY (`classified_id`) USING BTREE
) ENGINE = MyISAM CHARACTER SET = utf8 COLLATE = utf8_general_ci COMMENT = '分类表' ROW_FORMAT = Dynamic;

-- ----------------------------
-- Records of t_lyc_classified
-- ----------------------------
INSERT INTO `t_lyc_classified` VALUES ('A504356CF81C43829A55ADFAF7D8E203', '宣传活动', NULL, NULL, 3, 'PUBLIC EVENT');
INSERT INTO `t_lyc_classified` VALUES ('05FD42F3C23F4F45A857004AE7D34BC1', '演出', NULL, NULL, 1, 'SHOW');
INSERT INTO `t_lyc_classified` VALUES ('E0F3154584AF449A9C6FE6CFCB8D807D', '事件营销', NULL, NULL, 1, 'EXECUTION');
INSERT INTO `t_lyc_classified` VALUES ('5091318E9FC3447BBD4B67B096A6FFE2', '', NULL, NULL, 1, 'CONSUMER EVENT');
INSERT INTO `t_lyc_classified` VALUES ('2AE413D9226545F39B47693D9436F77B', '特邀活动', NULL, NULL, 1, 'INVITATION PACK');
INSERT INTO `t_lyc_classified` VALUES ('2039BA45C7DA47FA9FA42F90B7E8872F', '媒体活动', NULL, NULL, 1, 'MEDIA EVENT');
INSERT INTO `t_lyc_classified` VALUES ('9180106E1C6140DBBC47D5E3DD22EB87', '展出', NULL, NULL, 12, 'EXHIBITION');
INSERT INTO `t_lyc_classified` VALUES ('D1DDAEC5541E4363A9C559B2EE000BEB', '其它', NULL, NULL, 0, 'OTHERS');
INSERT INTO `t_lyc_classified` VALUES ('D667730AE82847D585A73CBD69431022', '零售', NULL, NULL, 12, 'RETAIL');
INSERT INTO `t_lyc_classified` VALUES ('81DE92B8C54543558498F07AA18FAFA3', '独家活动', NULL, NULL, 12, 'EXCLUSIVE EVENT');
INSERT INTO `t_lyc_classified` VALUES ('3E140391EBA2488CA90030EEE396EE48', '发布会', NULL, NULL, 2, 'LAUNCH EVENT');
INSERT INTO `t_lyc_classified` VALUES ('FA0C7DD6C2394FD2A5586B74AA948920', '艺术展示', NULL, NULL, 1, 'ARTISTIC DISPALY');
INSERT INTO `t_lyc_classified` VALUES ('81E528374F664B6A95573E801DC3B676', '活动执行', NULL, NULL, 1, 'EVENT EXECUTION');

-- ----------------------------
-- Table structure for t_lyc_country
-- ----------------------------
DROP TABLE IF EXISTS `t_lyc_country`;
CREATE TABLE `t_lyc_country`  (
  `country_id` varchar(32) CHARACTER SET utf8 COLLATE utf8_general_ci NOT NULL COMMENT '主键',
  `title_cn` varchar(100) CHARACTER SET utf8 COLLATE utf8_general_ci NOT NULL COMMENT '中文名称',
  `remark` varchar(200) CHARACTER SET utf8 COLLATE utf8_general_ci NULL DEFAULT NULL COMMENT '备注',
  `case_count` int(11) NOT NULL DEFAULT 0 COMMENT '案例数量',
  `parent_id` varchar(32) CHARACTER SET utf8 COLLATE utf8_general_ci NULL DEFAULT '-1' COMMENT '父节点ID',
  `title_en` varchar(100) CHARACTER SET utf8 COLLATE utf8_general_ci NULL DEFAULT NULL COMMENT '英文名称',
  PRIMARY KEY (`country_id`) USING BTREE
) ENGINE = MyISAM CHARACTER SET = utf8 COLLATE = utf8_general_ci COMMENT = '城市表' ROW_FORMAT = Dynamic;

-- ----------------------------
-- Records of t_lyc_country
-- ----------------------------
INSERT INTO `t_lyc_country` VALUES ('346C2716838C49D0859D23AA655D2D47', '上海', NULL, 40, '-1', 'SHANGHAI');
INSERT INTO `t_lyc_country` VALUES ('0E7F741BCD254EE98419AE19AEABC396', '北京', NULL, 4, '-1', 'BEIJING');

-- ----------------------------
-- Table structure for t_lyc_info
-- ----------------------------
DROP TABLE IF EXISTS `t_lyc_info`;
CREATE TABLE `t_lyc_info`  (
  `info_id` varchar(32) CHARACTER SET utf8 COLLATE utf8_general_ci NOT NULL COMMENT '信息表主键',
  `info_type` int(4) NULL DEFAULT 0 COMMENT '信息类型 0:主信息',
  `info_title_en` varchar(200) CHARACTER SET utf8 COLLATE utf8_general_ci NULL DEFAULT NULL COMMENT '标题（英）',
  `info_title_cn` varchar(100) CHARACTER SET utf8 COLLATE utf8_general_ci NULL DEFAULT NULL COMMENT '标题（中）',
  `info_remark_en` longtext CHARACTER SET utf8 COLLATE utf8_general_ci NULL COMMENT '内容（英）',
  `info_remark_cn` longtext CHARACTER SET utf8 COLLATE utf8_general_ci NULL COMMENT '内容（中）',
  `info_res_name` varchar(100) CHARACTER SET utf8 COLLATE utf8_general_ci NULL DEFAULT NULL COMMENT '信息资源名称',
  `create_date` bigint(20) NULL DEFAULT NULL COMMENT '创建时间',
  `opt_date` bigint(20) NULL DEFAULT NULL COMMENT '操作时间',
  `sort_filed` int(11) NULL DEFAULT 999999999 COMMENT '排序',
  `info_month` varchar(50) CHARACTER SET utf8 COLLATE utf8_general_ci NULL DEFAULT NULL COMMENT '信息月份',
  `country_id` varchar(32) CHARACTER SET utf8 COLLATE utf8_general_ci NULL DEFAULT NULL COMMENT '城市表ID',
  `brands_id` varchar(32) CHARACTER SET utf8 COLLATE utf8_general_ci NULL DEFAULT NULL COMMENT '品牌表ID',
  `years_code` varchar(50) CHARACTER SET utf8 COLLATE utf8_general_ci NULL DEFAULT NULL COMMENT '年度',
  `trade_id` varchar(32) CHARACTER SET utf8 COLLATE utf8_general_ci NULL DEFAULT NULL COMMENT '行业表ID',
  `browser` int(11) NOT NULL DEFAULT 0 COMMENT '浏览数',
  `hits` int(11) NOT NULL DEFAULT 0 COMMENT '点赞数',
  PRIMARY KEY (`info_id`) USING BTREE
) ENGINE = MyISAM CHARACTER SET = utf8 COLLATE = utf8_general_ci COMMENT = '案例表' ROW_FORMAT = Dynamic;

-- ----------------------------
-- Records of t_lyc_info
-- ----------------------------
INSERT INTO `t_lyc_info` VALUES ('770866C410B7475D9CB0A3D29950B548', 0, 'NIKE ALL STAR BATTLE NIGHT', '', 'CREATIVE / SPACE AND DISPLAY DESIGN / PRODUCTION / SHOW DIRECTOR / STAGE DESIGN AND PRODUCTION / EVENT DERIVATIVE DESIGN AND PRODUCTION<br/>EVENT CREATIVE / EVENT ONSITE MANAGEMENT<br/>INVITATION ONLY<br/>200-250 PPL<br/>PERFORMANCE / PRODUCT DISPLAY / PARTY / F&B', '', '1544080637410.jpg', 1534833286, 1545884456, 22, '2017-08-01', '346C2716838C49D0859D23AA655D2D47', 'AC8D49FE64714738B34CF10A1BC4A6CC', NULL, 'CC7CDCF7758C499DA5CBE345829800B8', 15, 1);
INSERT INTO `t_lyc_info` VALUES ('6204E18C07E847929D54366BC90A8361', 0, 'NIKE ACTION SPORT MOVIE PREMIER', '', 'CREATIVE / SPACE AND DISPLAY DESIGN / PRODUCTION / EVENT DERIVATIVE DESIGN AND PRODUCTION / EVENT CREATIVE / EVENT ONSITE MANAGEMENT<br/>MEDIA EVENT | 150-200PPL<br/>CUSTOMIZATION EXPERIENCE / MOIVE PREMIER / EXHIBITION / PRODUCT DISPLAY / PARTY', '', '1534995120155.jpg', 1534832326, 1545884719, 42, '2011-01-01', '346C2716838C49D0859D23AA655D2D47', 'AC8D49FE64714738B34CF10A1BC4A6CC', NULL, 'CC7CDCF7758C499DA5CBE345829800B8', 23, 5);
INSERT INTO `t_lyc_info` VALUES ('E729FF79D51B46EBB91736928D5FD52E', 0, 'NIKE YEAR OF DRAGON', '', 'CREATIVE / SPACE AND DISPLAY DESIGN / PRODUCTION / EVENT DERIVATIVE DESIGN AND PRODUCTION / EVENT CREATIVE / EVENT ONSITE MANAGEMENT<br/>MEDIA EVENT | 200-250PPL<br/>PERFORMANCE / MULTIMEDIA INTERACTIVE / PRODUCT DISPLAY / BASKETBALL GAME', '', '1534834631724.jpg', 1534834637, 1545884710, 41, '2011-01-01', '346C2716838C49D0859D23AA655D2D47', 'AC8D49FE64714738B34CF10A1BC4A6CC', NULL, 'CC7CDCF7758C499DA5CBE345829800B8', 13, 0);
INSERT INTO `t_lyc_info` VALUES ('64E454B49B61486A9935CBF0B3619FDD', 0, 'NIKE THE FUTURE', '', 'CREATIVE / SPACE AND DISPLAY DESIGN / PRODUCTION / EVENT DERIVATIVE DESIGN AND PRODUCTION / EVENT CREATIVE / EVENT ONSITE MANAGEMENT<br/>MEDIA EVENT | 200-250PPL<br/>PERFORMANCE /  MULTIMEDIA INTERACTIV / ARTISTS COLLABORATION / PRODUCT DISPLAY / BASKETBALL GAME', '', '1544684601752.jpg', 1534835075, 1545884693, 40, '2011-01-01', '346C2716838C49D0859D23AA655D2D47', 'AC8D49FE64714738B34CF10A1BC4A6CC', NULL, 'CC7CDCF7758C499DA5CBE345829800B8', 10, 0);
INSERT INTO `t_lyc_info` VALUES ('FF605998B9604335AE99B6BCD1D886DD', 0, 'INNERSECT x CONVERSE', '', 'CREATIVE / SPACE AND DISPLAY DESIGN / PRODUCTION / EVENT DERIVATIVE DESIGN AND PRODUCTION / EVENT CREATIVE / EVENT ONSITE MANAGEMENT<br/>MEDIA EVENT | 2500 -3000PPL<br/>SKATEBOARD CLASS / STYLIST LECTURE / STYLIST EXPERIENCE / PRODUCT DISPLAY / SHOOTING EXPERIENCE', '', '1545372596527.jpeg', 1545372670, 1545883990, 1, '2018-01-01', '346C2716838C49D0859D23AA655D2D47', NULL, NULL, NULL, 10, 0);
INSERT INTO `t_lyc_info` VALUES ('F7B2413EAEBD42BC92DC7BA7956A7658', 0, 'NIKELAB FOOTBALL COLLECTION LAUNCH EVENT', '', 'CREATIVE / SPACE AND DISPLAY DESIGN / PRODUCTION / EVENT DERIVATIVE DESIGN AND PRODUCTION / EVENT CREATIVE / EVENT ONSITE MANAGEMENT<br/>MEDIA EVENT | 600PPL<br/>PRODUCT PREVIEW / DISPLAY DISPLAY / T-SHIRT CUSTOMIZATION', '', '1544692883801.jpg', 1544692886, 1545884107, 7, '2018-01-01', '346C2716838C49D0859D23AA655D2D47', NULL, NULL, NULL, 4, 0);
INSERT INTO `t_lyc_info` VALUES ('1E1C752B439D4E74AEAEF1077E953227', 0, 'NIKELAB ACRONYM', '', 'CREATIVE / SPACE AND DISPLAY DESIGN / PRODUCTION / EVENT DERIVATIVE DESIGN AND PRODUCTION / EVENT CREATIVE / EVENT ONSITE MANAGEMENT<br/>MEDIA EVENT | 200PPL<br/>CONSUMER EVENT<br/>MOIVE PREMIER / SHOE DRAW CUSTOMIZATION EXPERIENCE', '', '1534995435613.jpg', 1534836109, 1545884073, 4, '2018-01-01', '346C2716838C49D0859D23AA655D2D47', 'AC8D49FE64714738B34CF10A1BC4A6CC', NULL, 'CC7CDCF7758C499DA5CBE345829800B8', 15, 0);
INSERT INTO `t_lyc_info` VALUES ('D3639583A5EE418291D2C3C9C1804B55', 0, 'NIKELAB OFF WHITE POP UP', '', 'CREATIVE / SPACE AND DISPLAY DESIGN / PRODUCTION / EVENT DERIVATIVE DESIGN AND PRODUCTION<br/>EVENT CREATIVE / EVENT ONSITE MANAGEMENT<br/>INVITATION ONLY | 300PPL<br/>PRODUCT DISPLAY / SHOE DRAW CUSTOMIZATION EXPERIENCE', '', '1544693650982.jpg', 1534837142, 1545884080, 5, '2018-01-01', '346C2716838C49D0859D23AA655D2D47', 'AC8D49FE64714738B34CF10A1BC4A6CC', NULL, 'CC7CDCF7758C499DA5CBE345829800B8', 25, 2);
INSERT INTO `t_lyc_info` VALUES ('9687A044DEF04AB9A07A5D1BD58D969C', 0, 'CONVSER ONE STAR', '', 'CREATIVE / SPACE AND DISPLAY DESIGN / PRODUCTION / EVENT DERIVATIVE DESIGN AND PRODUCTION / EVENT CREATIVE / EVENT ONSITE MANAGEMENT<br/>MEDIA EVENT | 150-200PPL<br/>PRODUCTS PRESENTATION / PRODUCT DISPLAY / GLOBAL ARCHIVER PRESENTATION / SHOOTING EXPERIENCE', '', '1534995559959.jpeg', 1534837497, 1545884250, 12, '2017-01-01', '0E7F741BCD254EE98419AE19AEABC396', 'D219A1BD049742C7BDCF6E2F9CB7A4E4', NULL, 'CC7CDCF7758C499DA5CBE345829800B8', 16, 1);
INSERT INTO `t_lyc_info` VALUES ('365131FA0124443BBC8D412F2B96EFF5', 0, 'CONVSER NBA COLLECTION MEDIA EVENT', '', 'CREATIVE / SPACE AND DISPLAY DESIGN / PRODUCTION / EVENT DERIVATIVE DESIGN AND PRODUCTION / EVENT CREATIVE / EVENT ONSITE MANAGEMENT<br/>MEDIA EVENT | 250-300PPL<br/>PRODUCT DISPLAY / STYLING SHOW / GLOBAL NBA ATHLETE PRESENTATION / SHOOTING EXPERIENCE', '', '1544065644049.JPG', 1534838041, 1545884272, 13, '2017-01-01', '0E7F741BCD254EE98419AE19AEABC396', 'D219A1BD049742C7BDCF6E2F9CB7A4E4', NULL, 'CC7CDCF7758C499DA5CBE345829800B8', 19, 4);
INSERT INTO `t_lyc_info` VALUES ('856B719595A24CECAF8A424266A721A6', 0, 'NIKE TECH PACK MEDIA EVENT', '', 'CREATIVE / SPACE AND DISPLAY DESIGN / PRODUCTION/EVENT DERIVATIVE DESIGN AND PRODUCTION / EVENT CREATIVE / EVENT ONSITE MANAGEMENT<br/>MEDIA EVENT | 150-200PPL<br/>PRODUCTS PRESENTATION / PRODUCT DISPLAY / SHOOTING EXPERIENCE', '', '1534838087912.jpeg', 1534838218, 1545884552, 29, '2016-01-01', '346C2716838C49D0859D23AA655D2D47', 'AC8D49FE64714738B34CF10A1BC4A6CC', NULL, 'CC7CDCF7758C499DA5CBE345829800B8', 9, 2);
INSERT INTO `t_lyc_info` VALUES ('E822DA1ECBCD442B81EF54ADCA1DAE50', 0, 'NIKE TECH PACK &SNEAKERBOOTS COLLECTION', '', 'CREATIVE / SPACE AND DISPLAY DESIGN / PRODUCTION<br/>MEDIA EVENT | 100-150PPL', '', '1534838246146.jpeg', 1534838615, 1545884498, 24, '2016-01-01', '346C2716838C49D0859D23AA655D2D47', 'AC8D49FE64714738B34CF10A1BC4A6CC', NULL, 'CC7CDCF7758C499DA5CBE345829800B8', 11, 0);
INSERT INTO `t_lyc_info` VALUES ('7B1BEE333DB24333B6C02F8373EC11D1', 0, 'NIKELAB AMBUSH', '', 'SPACE AND DISPLAY ADAPTION / PRODUCTION / EVENT EXECUTION / EVENT ONSITE MANAGEMENT / EVENT DERIVATIVE DESIGN AND PRODUCTION<br/>MEDIA EVENT | 80-100 PPL<br/>PRODUCT DISPLAY / MEDIA INTERVIEW / ARTISTS Q&A / DESIGNER INTERACTION / SHOOTING EXPERENCE', '', '1545619643277.jpg', 1545619652, 1545884010, 2, '2018-01-01', '346C2716838C49D0859D23AA655D2D47', NULL, NULL, NULL, 7, 0);
INSERT INTO `t_lyc_info` VALUES ('9D6CF8F770834E28B4B14471190392C6', 0, 'NIKE PRO BRA MEDIA EVENT', '', 'CREATIVE / SPACE AND DISPLAY DESIGN / PRODUCTION/EVENT DERIVATIVE DESIGN AND PRODUCTION / EVENT CREATIVE / EVENT ONSITE MANAGEMENT<br/>MEDIA EVENT | 200-250PPL<br/>PRODUCTS TRIAL / PRODUCT DISPLAY / SHOOTING EXPERIENCE', '', '1544081690638.jpg', 1534838840, 1545884625, 35, '2014-01-01', '0E7F741BCD254EE98419AE19AEABC396', 'AC8D49FE64714738B34CF10A1BC4A6CC', NULL, 'CC7CDCF7758C499DA5CBE345829800B8', 10, 0);
INSERT INTO `t_lyc_info` VALUES ('BD2FBD5D614E4625A50A1FD5675F74D8', 0, 'INNERSECT SHANGHAI 2018 NIKELAB', '', 'EVENT CREATIVE / EVENT ONSITE MANAGEMENT / EVENT DERIVATIVE DESIGN AND PRODUCTION<br/>CONSUMER EVENT | 2500- 3000 PPL<br/>PRODUCT DISPLAY / CUSTOMIZATION EXPERIENCE', '', '1545373258783.jpg', 1545373238, 1545884028, 3, '2018-01-01', '346C2716838C49D0859D23AA655D2D47', NULL, NULL, NULL, 9, 0);
INSERT INTO `t_lyc_info` VALUES ('80A9BEC20B93457B98DF0115025FD712', 0, 'JORDAN ART OF FLIGHT', '', 'CREATIVE / SPACE AND DISPLAY DESIGN / PRODUCTION / EVENT DERIVATIVE DESIGN AND PRODUCTION / EVENT CREATIVE / EVENT ONSITE MANAGEMENT<br/>CONSUMER EVENT| 6000-700PPL<br/>PRODUCT DISPLAY / LIMITED TIME TO SALE / PREMIUM SEEDING SERVICE / ARTISTS VISIT TOUR', '', '1534838986977.jpg', 1534839588, 1545880634, 16, '2017-01-01', '346C2716838C49D0859D23AA655D2D47', '24BEBFE3769E416C99AF9814BD6E0504', NULL, 'CC7CDCF7758C499DA5CBE345829800B8', 14, 2);
INSERT INTO `t_lyc_info` VALUES ('16BB5774F5FA45B0875D4BCA2FF1CA76', 0, 'NIKELAB COURT', '', 'ADAPTATION / PROPS PRODUCTION', '', '1544690264227.jpeg', 1544690125, 1545884507, 25, '2016-01-01', NULL, NULL, NULL, NULL, 4, 0);
INSERT INTO `t_lyc_info` VALUES ('53AFED7422154AC49263BE66CE75F97B', 0, 'NIKE FORCE IS FEMALE', '', 'CREATIVE / SPACE AND DISPLAY DESIGN / PRODUCTION / EVENT DERIVATIVE DESIGN AND PRODUCTION / EVENT CREATIVE / EVENT ONSITE MANAGEMENT<br/>MEDIA EVENT | 450-500PPL<br/>EXHIBITION / PRODUCT DISPLAY / TRAINING CLASSES / LECTURE / INTERACTION / SHOES CUSTOMIZATION / PARTY', '', '1534841069463.jpeg', 1534841208, 1545880543, 18, '2017-01-01', '0E7F741BCD254EE98419AE19AEABC396', 'AC8D49FE64714738B34CF10A1BC4A6CC', NULL, 'CC7CDCF7758C499DA5CBE345829800B8', 9, 1);
INSERT INTO `t_lyc_info` VALUES ('9F1D68F2577A4BB9868DD48CF3E7C216', 0, 'NIKE THE MISFIT EXHIBITION', '', 'CREATIVE / SPACE AND DISPLAY DESIGN / PRODUCTION / EVENT DERIVATIVE DESIGN AND PRODUCTION / EVENT CREATIVE / EVENT ONSITE MANAGEMENT<br/>MEDIA EVENT | 200-250PPL<br/>CONSUMER EVENT<br/>PHOTO EXHIBITION / PRODUCT DISPLAY', '', '1544076857892.jpg', 1534841481, 1545880563, 19, '2017-01-01', '346C2716838C49D0859D23AA655D2D47', 'AC8D49FE64714738B34CF10A1BC4A6CC', NULL, 'CC7CDCF7758C499DA5CBE345829800B8', 21, 4);
INSERT INTO `t_lyc_info` VALUES ('6136C64C48A9448F9663CBBF19D1C257', 0, 'NIKELAB PIGALLE', '', 'CREATIVE / SPACE AND DISPLAY DESIGN / PRODUCTION / EXHIBITION DERIVATIVE DESIGN AND PRODUCTION / EXHIBITION<br/>ONSITE MANAGEMENT<br/>MEDIA EVENT | 100-150PPL<br/>CONSUMER EVENT PHOTO EXHIBITION / LEBRON JAMES MEDIA INTERVIEW / RPODUCT DISPLAY', '', '1544076342479.jpeg', 1534841749, 1545884596, 33, '2015-01-01', '346C2716838C49D0859D23AA655D2D47', 'AC8D49FE64714738B34CF10A1BC4A6CC', NULL, 'CC7CDCF7758C499DA5CBE345829800B8', 14, 2);
INSERT INTO `t_lyc_info` VALUES ('AF68BA249FF94D6081485CF4370AD967', 0, 'NIKELAB ACG', '', 'CREATIVE / SPACE AND DISPLAY DESIGN / PRODUCTION / EVENT DERIVATIVE DESIGN AND PRODUCTION / PRE-PROMO CREATIVE AND EXECUTION / EVENT CREATIVE / EVENT ONSITE MANAGEMENT<br/>MEDIA EVENT | 200-250PPL<br/>CONSUMER EVENT<br/>PRE-PROMO / EXHIBITION / PRODUCT DISPLAY', '', '1544076775595.jpg', 1534842389, 1545884586, 32, '2015-01-01', '346C2716838C49D0859D23AA655D2D47', 'AC8D49FE64714738B34CF10A1BC4A6CC', NULL, 'CC7CDCF7758C499DA5CBE345829800B8', 9, 0);
INSERT INTO `t_lyc_info` VALUES ('1F1F8B9F27FC4FD3A21D673A4635D304', 0, 'NIKELAB HYPERADAPT', '', 'CREATIVE / SPACE AND DISPLAY DESIGN / PRODUCTION / EVENT DERIVATIVE DESIGN AND PRODUCTION / EVENT CREATIVE / EVENT ONSITE MANAGEMENT<br/>MEDIA EVENT | 150-200PPL<br/>CONSUMER EVENT<br/>PRODUCT DISPLAY/ PRODUCT TRIAL', '', '1544077161085.JPG', 1534843783, 1545884286, 14, '2017-01-01', '346C2716838C49D0859D23AA655D2D47', 'AC8D49FE64714738B34CF10A1BC4A6CC', NULL, 'CC7CDCF7758C499DA5CBE345829800B8', 8, 0);
INSERT INTO `t_lyc_info` VALUES ('3A7D4375D67D4A16A27274435E179EB6', 0, 'NIKELAB ACG', '', 'SPACE AND DISPLAY DESIGN / PRODUCTION / EVENT DERIVATIVE DESIGN AND PRODUCTION / EVENT CREATIVE / EVENT ONSITE MANAGEMENT<br/>MEDIA EVENT | 100-150PPL<br/>CONSUMER EVENT<br/>PRODUCT DISPLAY / PRODUCT PRESENTATION / PRODUCT CUSTOMIZATION', '', '1544078304651.jpg', 1534844131, 1545884322, 15, '2017-01-01', '346C2716838C49D0859D23AA655D2D47', 'AC8D49FE64714738B34CF10A1BC4A6CC', NULL, 'CC7CDCF7758C499DA5CBE345829800B8', 10, 0);
INSERT INTO `t_lyc_info` VALUES ('C4CB266D1A844D1488F6CEE5089CCDA3', 0, 'NIKE GENEALOGY', '', 'REATIVE / SPACE AND DISPLAY DESIGN / PRODUCTION / EXHIBITION DERIVATIVE DESIGN AND PRODUCTION / EXHIBITION ONSITE MANAGEMENT<br/>MEDIA EVENT | 200-250PPL<br/>CONSUMER EVENT<br/>PRODUCT DISPLAY / PRODUCT TRIAL', '', '1544078607982.jpg', 1534844578, 1545884664, 37, '2014-01-01', '346C2716838C49D0859D23AA655D2D47', 'AC8D49FE64714738B34CF10A1BC4A6CC', NULL, 'CC7CDCF7758C499DA5CBE345829800B8', 10, 0);
INSERT INTO `t_lyc_info` VALUES ('CF3BE4F02D904E589E47BF7100A46552', 0, 'AIR JORDAN XX9 EVENT', 'AIR JORDAN XX9 活动', 'CREATIVE / SPACE AND DISPLAY DESIGN / PRODUCTION / EXHIBITION DERIVATIVE DESIGN AND PRODUCTION / EXHIBITION ONSITE MANAGEMENT<br/>MEDIA EVENT | 200-250PPL<br/>CONSUMER EVENT<br/>PRODUCT DISPLAY / MULTIMEDIA INTERACTIVE', '贵宾客户活动<br/><br/>上海飞人乔丹XX9事件<br/><br/>独家VIP消费活动为耐克的族谱免费收集<br/><br/>空间&交互设计/制作/激活/事件执行', '1534845022015.png', 1534845029, 1545884654, 36, '2014-01-01', '346C2716838C49D0859D23AA655D2D47', '24BEBFE3769E416C99AF9814BD6E0504', NULL, 'CC7CDCF7758C499DA5CBE345829800B8', 13, 0);
INSERT INTO `t_lyc_info` VALUES ('026CF35488374E499FE2EC8BFEDA74C2', 0, 'CONVERSE COUNTER CLIMATE BOOTS', '', 'DISPLAY PROPS DESIGN / PRODUCTION', '', '1544078892061.jpg', 1534845148, 1545884486, 23, '2016-01-01', '346C2716838C49D0859D23AA655D2D47', 'D219A1BD049742C7BDCF6E2F9CB7A4E4', NULL, 'CC7CDCF7758C499DA5CBE345829800B8', 8, 0);
INSERT INTO `t_lyc_info` VALUES ('9D548205C43042C4AA0ED37218EBE303', 0, 'CONVERSE JP MODERN', '', 'DISPLAY PROPS DESIGN / PRODUCTION', '', '1534845165748.jpg', 1534845273, 1545880426, 27, '2016-01-01', '346C2716838C49D0859D23AA655D2D47', 'D219A1BD049742C7BDCF6E2F9CB7A4E4', NULL, 'CC7CDCF7758C499DA5CBE345829800B8', 6, 0);
INSERT INTO `t_lyc_info` VALUES ('0BFB32ECFABB423E95455330285FA087', 0, 'CONVERSE HO17 TTC GLF', '', 'CREATIVE / SPACE AND DISPLAY DESIGN / PRODUCTION / EVENT DERIVATIVE DESIGN AND PRODUCTION / EVENT CREATIVE / EVENT ONSITE MANAGEMENT<br/>CONSUMER EVENT', '', '1544079094511.jpg', 1534845359, 1545884391, 21, '2017-01-01', '346C2716838C49D0859D23AA655D2D47', 'D219A1BD049742C7BDCF6E2F9CB7A4E4', NULL, 'CC7CDCF7758C499DA5CBE345829800B8', 7, 0);
INSERT INTO `t_lyc_info` VALUES ('5ECD4A2FCC274A9194F2C7C600C5DF1A', 0, 'INNERSECT X MAO POP UP', '', 'DISPLAY PROPS DESIGN / PRODUCTION', '', '1534845442697.jpg', 1534845448, 1545884409, 4, '2018-01-01', '346C2716838C49D0859D23AA655D2D47', '5D99C5967B3D4FAEAA1A6D71C5852777', NULL, 'B6500BAEF7D343CAA23B61AB9BCDEB44', 9, 1);
INSERT INTO `t_lyc_info` VALUES ('DD117B577B5A439D87510DFCCC47578E', 0, 'NIKELAB RT', '', 'ADAPTATION / PROPS PRODUCTION', '', '1534845467024.png', 1534845580, 1545881552, 30, '2015-01-01', '346C2716838C49D0859D23AA655D2D47', 'AC8D49FE64714738B34CF10A1BC4A6CC', NULL, 'CC7CDCF7758C499DA5CBE345829800B8', 7, 1);
INSERT INTO `t_lyc_info` VALUES ('6198DA57983847F9B831A3F8B764A446', 0, 'NIKELAB ACG', '', 'ADAPTATION / PROPS PRODUCTION', '', '1534845606758.jpg', 1534845654, 1545884335, 17, '2017-01-01', '346C2716838C49D0859D23AA655D2D47', 'AC8D49FE64714738B34CF10A1BC4A6CC', NULL, 'CC7CDCF7758C499DA5CBE345829800B8', 10, 1);
INSERT INTO `t_lyc_info` VALUES ('05F639B8F8F1430FA7CEB8728F875938', 0, 'RUNNER CAMP RENEW', '', 'SPACE CREATIVE / DISPLAY PROPS DESIGN / PRODUCTION', '', '1534845672277.JPG', 1534845742, 1545884356, 20, '2017-01-01', '346C2716838C49D0859D23AA655D2D47', '1C01AE1BC97A4BC6861D571D398CE8F9', NULL, 'CC7CDCF7758C499DA5CBE345829800B8', 12, 5);
INSERT INTO `t_lyc_info` VALUES ('E1506C41D3C2489F9B286136B1DC434D', 0, 'NIKELAB KOBE 9 EXHIBITION', '', 'CREATIVE / SPACE AND DISPLAY DESIGN / PRODUCTION / EXHIBITION ONSITE MANAGEMENT', '零售基地<br/>上海<br/>NIKELAB STORE<br/>创意/设计/制作', '1534907488977.png', 1534907528, 1547437614, 34, '2014-01-01', '346C2716838C49D0859D23AA655D2D47', 'AC8D49FE64714738B34CF10A1BC4A6CC', NULL, 'CC7CDCF7758C499DA5CBE345829800B8', 7, 0);
INSERT INTO `t_lyc_info` VALUES ('0F2D79ACEC17451BBBDA3F752CD5F43E', 0, 'NIKE RETAIL', 'HHBE FLAGSHIP STORE', 'DISPLAY CREATIVE / DISPLAY PROPS DESIGN AND PRODUCTION', '零售基地<br/>上海<br/>HHBE FLAGSHIP STORE<br/>适应/设计/制作', '1544082810678.jpg', 1534908385, 1545884684, 39, '2013-01-01', '346C2716838C49D0859D23AA655D2D47', 'AC8D49FE64714738B34CF10A1BC4A6CC', NULL, 'CC7CDCF7758C499DA5CBE345829800B8', 9, 0);
INSERT INTO `t_lyc_info` VALUES ('67BD5F47C01B4A61B8DC3CA2A305DA13', 0, 'NIKE ELITE', '', 'DISPLAY CREATIVE / DISPLAY PROPS DESIGN AND PRODUCTION / RETAIL SHOP DISPLAY PROPS DESIGN', '', '1544080279054.jpg', 1534908786, 1545884518, 26, '2016-01-01', '346C2716838C49D0859D23AA655D2D47', 'AC8D49FE64714738B34CF10A1BC4A6CC', NULL, 'CC7CDCF7758C499DA5CBE345829800B8', 6, 0);
INSERT INTO `t_lyc_info` VALUES ('AF26B1C8A8874BCDA46345546C04DF2B', 0, 'NIKE FESTIVAL OF SPORTS', '', 'ARTISTIC CREATIVE AND PRODUCTION<br/>ARTISTIC INSTALLATION', '', '1534908814472.png', 1534909229, 1547454069, 44, '2010-01-01', '346C2716838C49D0859D23AA655D2D47', 'AC8D49FE64714738B34CF10A1BC4A6CC', NULL, 'CC7CDCF7758C499DA5CBE345829800B8', 9, 1);
INSERT INTO `t_lyc_info` VALUES ('8A1F5B0C80C34A698A0407A48C573A03', 0, 'NIKELAB MMW', '', 'CREATIVE / SPACE AND DISPLAY DESIGN / PRODUCTION / EVENT DERIVATIVE DESIGN AND PRODUCTION / EVENT CREATIVE / EVENT ONSITE MANAGEMENT<br/>MEDIA EVENT | 200-250PPL<br/>PRODUCT PREVIEW / DISPLAY STORY TELLING / TRAINING CLASSES', '', '1534996279051.png', 1534910690, 1547454132, 8, '2018-01-01', '346C2716838C49D0859D23AA655D2D47', 'AC8D49FE64714738B34CF10A1BC4A6CC', NULL, 'CC7CDCF7758C499DA5CBE345829800B8', 23, 6);
INSERT INTO `t_lyc_info` VALUES ('AD7D62D037BB48018ED7888044774512', 0, 'NIKE SH ON AIR 設計大賽', '', 'EXHIBITION CURATOR / EVENT DERIVATIVE DESIGN AND PRODUCTION / EVENT CREATIVE / EVENT ONSITE MANAGEMENT<br/>MEDIA EVENT / CONSUMER EVENT<br/>CONTAST / EXHIBITION', '', '1544693189976.jpg', 1544692001, 1545884100, 6, '2018-01-01', '346C2716838C49D0859D23AA655D2D47', NULL, NULL, 'CC7CDCF7758C499DA5CBE345829800B8', 5, 0);
INSERT INTO `t_lyc_info` VALUES ('732193C5CD3E4E14B75E7A2FF529A0F9', 0, 'NIKE WE ARE JORDAN', '', 'CREATIVE / SPACE AND DISPLAY DESIGN / PRODUCTION / EVENT DERIVATIVE DESIGN AND PRODUCTION<br/>EVENT CREATIVE / EVENT ONSITE MANAGEMENT<br/>OPEN TO PUBLIC <br/>1500 PPL<br/>PHOTO BOOTH INTERACTIVE PRODUCTION DISPLAY / EXHIBITION', '', '1544085630045.jpg', 1544085220, 1545884538, 28, '2016-01-01', '346C2716838C49D0859D23AA655D2D47', 'AC8D49FE64714738B34CF10A1BC4A6CC', NULL, 'CC7CDCF7758C499DA5CBE345829800B8', 4, 0);
INSERT INTO `t_lyc_info` VALUES ('21512033B25844E9BB2499666B342FA4', 0, 'WSP X LYT', '', 'MediaDay FinalExhibition WorkShop', '', '1543293563242.jpg', 1543293571, 1545884129, 9, '2018-01-01', '346C2716838C49D0859D23AA655D2D47', 'AC8D49FE64714738B34CF10A1BC4A6CC', NULL, 'CC7CDCF7758C499DA5CBE345829800B8', 0, 1);
INSERT INTO `t_lyc_info` VALUES ('A70EF03E11704B97BD6725DB240909D8', 0, 'NIKELAB RETAIL', '', 'DESIGN / PRODUCTION<br/>RETAIL', '', '1544086220066.jpeg', 1544086228, 1545884576, 31, '2015-01-01', '346C2716838C49D0859D23AA655D2D47', 'AC8D49FE64714738B34CF10A1BC4A6CC', NULL, 'CC7CDCF7758C499DA5CBE345829800B8', 3, 0);
INSERT INTO `t_lyc_info` VALUES ('4A89E02F8D2E4B59AF472B458AE74A50', 0, 'NIKELAB RETAIL', '', 'DESIGN / PRODUCTION<br/>RETAIL', '', '1544086583742.jpg', 1544086587, 1545884142, 10, '2018-01-01', '346C2716838C49D0859D23AA655D2D47', 'AC8D49FE64714738B34CF10A1BC4A6CC', NULL, 'CC7CDCF7758C499DA5CBE345829800B8', 5, 0);
INSERT INTO `t_lyc_info` VALUES ('A56C847A186E40E8A653274168D39BDD', 0, 'NIKE SUMMER NIGHT', '', 'CREATIVE / SPACE AND DISPLAY DESIGN/PRODUCTION / EVENT DERIVATIVE DESIGN AND PRODUCTION / VIDEO PRODUCTION (COLLABORATION WITH ARTISTS) / MULTIMEDIA INTERACTIVE (COLLABORATION WITH ARTISTS)<br/>EVENT CREATIVE / EVENT ONSITE MANAGEMENT<br/>OPEN TO PUBLIC (BY TICKET)<br/>2500-3000 PPL<br/>PERFORMANCE / MULTIMEDIA INTERACTIVE / ARTISTS COLLABORATION / PRODUCTION DISPLAY / BASKETBALL GAME / PARTY / F&B', '', '1544087129150.jpg', 1544087137, 1545884677, 38, '2013-01-01', '346C2716838C49D0859D23AA655D2D47', 'AC8D49FE64714738B34CF10A1BC4A6CC', NULL, 'CC7CDCF7758C499DA5CBE345829800B8', 3, 0);
INSERT INTO `t_lyc_info` VALUES ('ED1E71B559674734A683EE0AC0A8EBDE', 0, 'NIKE FOS', '', 'CREATIVE / SPACE AND DISPLAY DESIGN/PRODUCTION / EVENT DERIVATIVE DESIGN AND PRODUCTION<br/>EVENT CREATIVE / EVENT ONSITE MANAGEMENT<br/>OPEN TO PUBLIC<br/>2500-3000 PPL<br/>PRODUCT DISPLAY / STYLING EXPERIENCE', '', '1544087675472.jpg', 1544087681, 1545881762, 43, '2010-01-01', '346C2716838C49D0859D23AA655D2D47', 'AC8D49FE64714738B34CF10A1BC4A6CC', NULL, 'CC7CDCF7758C499DA5CBE345829800B8', 4, 0);
INSERT INTO `t_lyc_info` VALUES ('0FA799640CF94B26A4F10D31B68A19EF', 0, 'NIKE x INVINCIBLE', '', 'CREATIVE / SPACE AND DISPLAY DESIGN / PRODUCTION/ EVENT CREATIVE / EVENT ONSITE MANAGEMENT / EVENT DERIVATIVE DESIGN AND PRODUCTION<br/>MEDIA EVENT | 50-80PPL<br/>CONSUMER EVENT<br/>PRODUCT DISPLAY / WORK SHOP CUSTOMIZATION EXPERIENCE', '', '1544682942233.jpg', 1544682956, 1545884150, 11, '2018-01-01', '346C2716838C49D0859D23AA655D2D47', 'AC8D49FE64714738B34CF10A1BC4A6CC', NULL, 'CC7CDCF7758C499DA5CBE345829800B8', 2, 0);

-- ----------------------------
-- Table structure for t_lyc_info_classified
-- ----------------------------
DROP TABLE IF EXISTS `t_lyc_info_classified`;
CREATE TABLE `t_lyc_info_classified`  (
  `info_id` varchar(32) CHARACTER SET utf8 COLLATE utf8_general_ci NOT NULL COMMENT '信息ID',
  `classified_id` varchar(32) CHARACTER SET utf8 COLLATE utf8_general_ci NOT NULL COMMENT '标签ID',
  PRIMARY KEY (`info_id`, `classified_id`) USING BTREE
) ENGINE = MyISAM CHARACTER SET = utf8 COLLATE = utf8_general_ci COMMENT = '案例分类表' ROW_FORMAT = Dynamic;

-- ----------------------------
-- Records of t_lyc_info_classified
-- ----------------------------
INSERT INTO `t_lyc_info_classified` VALUES ('026CF35488374E499FE2EC8BFEDA74C2', 'D667730AE82847D585A73CBD69431022');
INSERT INTO `t_lyc_info_classified` VALUES ('05F639B8F8F1430FA7CEB8728F875938', 'D667730AE82847D585A73CBD69431022');
INSERT INTO `t_lyc_info_classified` VALUES ('0BFB32ECFABB423E95455330285FA087', '3E140391EBA2488CA90030EEE396EE48');
INSERT INTO `t_lyc_info_classified` VALUES ('0F2D79ACEC17451BBBDA3F752CD5F43E', 'D667730AE82847D585A73CBD69431022');
INSERT INTO `t_lyc_info_classified` VALUES ('0FA799640CF94B26A4F10D31B68A19EF', '3E140391EBA2488CA90030EEE396EE48');
INSERT INTO `t_lyc_info_classified` VALUES ('16BB5774F5FA45B0875D4BCA2FF1CA76', 'D667730AE82847D585A73CBD69431022');
INSERT INTO `t_lyc_info_classified` VALUES ('1E1C752B439D4E74AEAEF1077E953227', '81DE92B8C54543558498F07AA18FAFA3');
INSERT INTO `t_lyc_info_classified` VALUES ('1E1C752B439D4E74AEAEF1077E953227', 'D667730AE82847D585A73CBD69431022');
INSERT INTO `t_lyc_info_classified` VALUES ('1F1F8B9F27FC4FD3A21D673A4635D304', '9180106E1C6140DBBC47D5E3DD22EB87');
INSERT INTO `t_lyc_info_classified` VALUES ('21512033B25844E9BB2499666B342FA4', '05FD42F3C23F4F45A857004AE7D34BC1');
INSERT INTO `t_lyc_info_classified` VALUES ('21512033B25844E9BB2499666B342FA4', '2AE413D9226545F39B47693D9436F77B');
INSERT INTO `t_lyc_info_classified` VALUES ('21512033B25844E9BB2499666B342FA4', 'E0F3154584AF449A9C6FE6CFCB8D807D');
INSERT INTO `t_lyc_info_classified` VALUES ('365131FA0124443BBC8D412F2B96EFF5', '2039BA45C7DA47FA9FA42F90B7E8872F');
INSERT INTO `t_lyc_info_classified` VALUES ('3A7D4375D67D4A16A27274435E179EB6', '9180106E1C6140DBBC47D5E3DD22EB87');
INSERT INTO `t_lyc_info_classified` VALUES ('4A89E02F8D2E4B59AF472B458AE74A50', 'D667730AE82847D585A73CBD69431022');
INSERT INTO `t_lyc_info_classified` VALUES ('53AFED7422154AC49263BE66CE75F97B', '9180106E1C6140DBBC47D5E3DD22EB87');
INSERT INTO `t_lyc_info_classified` VALUES ('5ECD4A2FCC274A9194F2C7C600C5DF1A', 'D667730AE82847D585A73CBD69431022');
INSERT INTO `t_lyc_info_classified` VALUES ('6136C64C48A9448F9663CBBF19D1C257', '9180106E1C6140DBBC47D5E3DD22EB87');
INSERT INTO `t_lyc_info_classified` VALUES ('6198DA57983847F9B831A3F8B764A446', 'D667730AE82847D585A73CBD69431022');
INSERT INTO `t_lyc_info_classified` VALUES ('6204E18C07E847929D54366BC90A8361', '81DE92B8C54543558498F07AA18FAFA3');
INSERT INTO `t_lyc_info_classified` VALUES ('64E454B49B61486A9935CBF0B3619FDD', '81DE92B8C54543558498F07AA18FAFA3');
INSERT INTO `t_lyc_info_classified` VALUES ('67BD5F47C01B4A61B8DC3CA2A305DA13', 'D667730AE82847D585A73CBD69431022');
INSERT INTO `t_lyc_info_classified` VALUES ('732193C5CD3E4E14B75E7A2FF529A0F9', 'A504356CF81C43829A55ADFAF7D8E203');
INSERT INTO `t_lyc_info_classified` VALUES ('770866C410B7475D9CB0A3D29950B548', '81DE92B8C54543558498F07AA18FAFA3');
INSERT INTO `t_lyc_info_classified` VALUES ('7B1BEE333DB24333B6C02F8373EC11D1', '81DE92B8C54543558498F07AA18FAFA3');
INSERT INTO `t_lyc_info_classified` VALUES ('80A9BEC20B93457B98DF0115025FD712', '81DE92B8C54543558498F07AA18FAFA3');
INSERT INTO `t_lyc_info_classified` VALUES ('856B719595A24CECAF8A424266A721A6', '9180106E1C6140DBBC47D5E3DD22EB87');
INSERT INTO `t_lyc_info_classified` VALUES ('8A1F5B0C80C34A698A0407A48C573A03', '81DE92B8C54543558498F07AA18FAFA3');
INSERT INTO `t_lyc_info_classified` VALUES ('9687A044DEF04AB9A07A5D1BD58D969C', '81DE92B8C54543558498F07AA18FAFA3');
INSERT INTO `t_lyc_info_classified` VALUES ('9D548205C43042C4AA0ED37218EBE303', 'D667730AE82847D585A73CBD69431022');
INSERT INTO `t_lyc_info_classified` VALUES ('9D6CF8F770834E28B4B14471190392C6', '9180106E1C6140DBBC47D5E3DD22EB87');
INSERT INTO `t_lyc_info_classified` VALUES ('9F1D68F2577A4BB9868DD48CF3E7C216', '9180106E1C6140DBBC47D5E3DD22EB87');
INSERT INTO `t_lyc_info_classified` VALUES ('A56C847A186E40E8A653274168D39BDD', 'A504356CF81C43829A55ADFAF7D8E203');
INSERT INTO `t_lyc_info_classified` VALUES ('A70EF03E11704B97BD6725DB240909D8', 'D667730AE82847D585A73CBD69431022');
INSERT INTO `t_lyc_info_classified` VALUES ('AD7D62D037BB48018ED7888044774512', '81DE92B8C54543558498F07AA18FAFA3');
INSERT INTO `t_lyc_info_classified` VALUES ('AF26B1C8A8874BCDA46345546C04DF2B', 'FA0C7DD6C2394FD2A5586B74AA948920');
INSERT INTO `t_lyc_info_classified` VALUES ('AF68BA249FF94D6081485CF4370AD967', '9180106E1C6140DBBC47D5E3DD22EB87');
INSERT INTO `t_lyc_info_classified` VALUES ('BD2FBD5D614E4625A50A1FD5675F74D8', '81E528374F664B6A95573E801DC3B676');
INSERT INTO `t_lyc_info_classified` VALUES ('C4CB266D1A844D1488F6CEE5089CCDA3', '9180106E1C6140DBBC47D5E3DD22EB87');
INSERT INTO `t_lyc_info_classified` VALUES ('CF3BE4F02D904E589E47BF7100A46552', '9180106E1C6140DBBC47D5E3DD22EB87');
INSERT INTO `t_lyc_info_classified` VALUES ('D3639583A5EE418291D2C3C9C1804B55', '81DE92B8C54543558498F07AA18FAFA3');
INSERT INTO `t_lyc_info_classified` VALUES ('DD117B577B5A439D87510DFCCC47578E', 'D667730AE82847D585A73CBD69431022');
INSERT INTO `t_lyc_info_classified` VALUES ('E1506C41D3C2489F9B286136B1DC434D', '9180106E1C6140DBBC47D5E3DD22EB87');
INSERT INTO `t_lyc_info_classified` VALUES ('E729FF79D51B46EBB91736928D5FD52E', '81DE92B8C54543558498F07AA18FAFA3');
INSERT INTO `t_lyc_info_classified` VALUES ('E822DA1ECBCD442B81EF54ADCA1DAE50', '9180106E1C6140DBBC47D5E3DD22EB87');
INSERT INTO `t_lyc_info_classified` VALUES ('ED1E71B559674734A683EE0AC0A8EBDE', 'A504356CF81C43829A55ADFAF7D8E203');
INSERT INTO `t_lyc_info_classified` VALUES ('F7B2413EAEBD42BC92DC7BA7956A7658', '81DE92B8C54543558498F07AA18FAFA3');
INSERT INTO `t_lyc_info_classified` VALUES ('FF605998B9604335AE99B6BCD1D886DD', '5091318E9FC3447BBD4B67B096A6FFE2');

-- ----------------------------
-- Table structure for t_lyc_info_file
-- ----------------------------
DROP TABLE IF EXISTS `t_lyc_info_file`;
CREATE TABLE `t_lyc_info_file`  (
  `info_file_id` varchar(32) CHARACTER SET utf8 COLLATE utf8_general_ci NOT NULL COMMENT '主键',
  `info_id` varchar(32) CHARACTER SET utf8 COLLATE utf8_general_ci NOT NULL COMMENT 't_classified_info表主键',
  `file_name` varchar(200) CHARACTER SET utf8 COLLATE utf8_general_ci NULL DEFAULT NULL COMMENT '文件名',
  `is_video` int(2) NULL DEFAULT NULL COMMENT '视频 0:是;1否',
  `sort_filed` int(11) NULL DEFAULT 999999999 COMMENT '排序',
  `opt_date` bigint(20) NULL DEFAULT NULL COMMENT '操作时间',
  PRIMARY KEY (`info_file_id`) USING BTREE
) ENGINE = MyISAM CHARACTER SET = utf8 COLLATE = utf8_general_ci COMMENT = '案例附件表' ROW_FORMAT = Dynamic;

-- ----------------------------
-- Records of t_lyc_info_file
-- ----------------------------
INSERT INTO `t_lyc_info_file` VALUES ('C039D88BC13D468A97624152A7E704B0', '9687A044DEF04AB9A07A5D1BD58D969C', '1534920282750.mp4', 0, 1, 1543463030);
INSERT INTO `t_lyc_info_file` VALUES ('C34AF76D299441989C31AE0A75692621', 'D3639583A5EE418291D2C3C9C1804B55', '1534920336503.jpg', 1, 1, 1543464939);
INSERT INTO `t_lyc_info_file` VALUES ('2D9631BD0F77419D8E0988D8BE2FAED8', 'D3639583A5EE418291D2C3C9C1804B55', '1534920343929.mov', 0, 2, 1543464935);
INSERT INTO `t_lyc_info_file` VALUES ('C4B656C665D24CDBA43E179BE4613182', 'D3639583A5EE418291D2C3C9C1804B55', '1534920353458.jpg', 1, 3, 1534920357);
INSERT INTO `t_lyc_info_file` VALUES ('9430E978029341A18D7E6B956428A440', 'D3639583A5EE418291D2C3C9C1804B55', '1534920370854.jpg', 1, 4, 1534920375);
INSERT INTO `t_lyc_info_file` VALUES ('4344AC88675A456E990945713259464E', 'D3639583A5EE418291D2C3C9C1804B55', '1534920379475.jpg', 1, 5, 1534920383);
INSERT INTO `t_lyc_info_file` VALUES ('ADB16172B72948BE9C135CD0063BDE5F', 'ED1E71B559674734A683EE0AC0A8EBDE', '1544087713614.jpg', 1, 4, 1544087716);
INSERT INTO `t_lyc_info_file` VALUES ('F49715982E224D469422DF651426C649', 'FF605998B9604335AE99B6BCD1D886DD', '1545372916227.jpg', 1, 4, 1545372926);
INSERT INTO `t_lyc_info_file` VALUES ('ECD3693373E949849B1179B0B6EC9E30', 'FF605998B9604335AE99B6BCD1D886DD', '1545372887716.jpeg', 1, 2, 1545372894);
INSERT INTO `t_lyc_info_file` VALUES ('57CA6C0571A743FFBBE4EEC0231B2968', 'FF605998B9604335AE99B6BCD1D886DD', '1545372796180.jpeg', 1, 1, 1545372801);
INSERT INTO `t_lyc_info_file` VALUES ('564F76B0313E4992AE0850A1387E5A47', '1E1C752B439D4E74AEAEF1077E953227', '1544693546472.jpg', 1, 7, 1544693550);
INSERT INTO `t_lyc_info_file` VALUES ('BCB438DE7DD14668A2AFE7EC2E0C3F8F', '1E1C752B439D4E74AEAEF1077E953227', '1544693482046.jpg', 1, 2, 1544693504);
INSERT INTO `t_lyc_info_file` VALUES ('9FD9ADF76B584947BA9AC7EB57666872', '1E1C752B439D4E74AEAEF1077E953227', '1544693511250.jpg', 1, 3, 1544693513);
INSERT INTO `t_lyc_info_file` VALUES ('7445546982854DCBB9370BF2B92AAC00', '1E1C752B439D4E74AEAEF1077E953227', '1534921261997.jpg', 1, 1, 1534921265);
INSERT INTO `t_lyc_info_file` VALUES ('AAEBFC5DC6C547F99886ABC8CF38B23E', '1E1C752B439D4E74AEAEF1077E953227', '1544693534624.jpg', 1, 6, 1544693538);
INSERT INTO `t_lyc_info_file` VALUES ('5D0A75F4E5C540ABAE352EF901D9936D', 'ED1E71B559674734A683EE0AC0A8EBDE', '1544087709189.jpg', 1, 3, 1544087711);
INSERT INTO `t_lyc_info_file` VALUES ('215019822BF64FA599451AA08955371F', '1E1C752B439D4E74AEAEF1077E953227', '1544693370002.jpg', 1, 5, 1544693521);
INSERT INTO `t_lyc_info_file` VALUES ('B5097EECC45E4F8EA0F1F3181B28C8F0', '1E1C752B439D4E74AEAEF1077E953227', '1534921291951.jpg', 1, 4, 1544693407);
INSERT INTO `t_lyc_info_file` VALUES ('B2502C244B17443AA44ED94FBA8FBFDF', 'ED1E71B559674734A683EE0AC0A8EBDE', '1544087702855.jpg', 1, 2, 1544087704);
INSERT INTO `t_lyc_info_file` VALUES ('5B6735202A2F48FF9F1F388D44AEC671', '7B1BEE333DB24333B6C02F8373EC11D1', '1545619766549.jpg', 1, 7, 1545619767);
INSERT INTO `t_lyc_info_file` VALUES ('B84351E4A2BD4533987E8D07118F66C4', '7B1BEE333DB24333B6C02F8373EC11D1', '1545619754601.jpg', 1, 6, 1545619755);
INSERT INTO `t_lyc_info_file` VALUES ('0B36016D45284B08B2E6B6CF85461520', '7B1BEE333DB24333B6C02F8373EC11D1', '1545619745813.jpg', 1, 5, 1545619852);
INSERT INTO `t_lyc_info_file` VALUES ('B051D571208842BA9D8BED8A64849FB2', '7B1BEE333DB24333B6C02F8373EC11D1', '1545619736129.jpg', 1, 4, 1545619737);
INSERT INTO `t_lyc_info_file` VALUES ('68FA21A6D5B94F9E8139D08AD5D402BE', '7B1BEE333DB24333B6C02F8373EC11D1', '1545619723757.jpg', 1, 3, 1545619845);
INSERT INTO `t_lyc_info_file` VALUES ('832E8087CC9C46B7ADF8E4FE2F2107D9', '7B1BEE333DB24333B6C02F8373EC11D1', '1545619717292.jpg', 1, 2, 1545619718);
INSERT INTO `t_lyc_info_file` VALUES ('337E121F952741B88439C320693851E8', 'ED1E71B559674734A683EE0AC0A8EBDE', '1547456335443.jpg', 1, 1, 1547456336);
INSERT INTO `t_lyc_info_file` VALUES ('D0861D0BDAAE4F42ACD4C939336839A8', '64E454B49B61486A9935CBF0B3619FDD', '1534921437250.jpg', 1, 1, 1534921440);
INSERT INTO `t_lyc_info_file` VALUES ('E47C6F17FACD4FD3AB947EBA524DDAB6', '64E454B49B61486A9935CBF0B3619FDD', '1547439784340.jpg', 1, 2, 1547439786);
INSERT INTO `t_lyc_info_file` VALUES ('D9F8E71343554A688CC998483E95247C', '64E454B49B61486A9935CBF0B3619FDD', '1544684716171.jpg', 1, 4, 1544684719);
INSERT INTO `t_lyc_info_file` VALUES ('A495096C52684E91B6C45A4674867E5C', '64E454B49B61486A9935CBF0B3619FDD', '1534921464922.jpg', 1, 3, 1544684671);
INSERT INTO `t_lyc_info_file` VALUES ('BC01E57B34DF4F76B37416C676787CE1', 'A56C847A186E40E8A653274168D39BDD', '1544087203713.jpg', 1, 5, 1544087205);
INSERT INTO `t_lyc_info_file` VALUES ('165E34B37EF04EBDA72B11CFE8E908D3', '64E454B49B61486A9935CBF0B3619FDD', '1547439985931.jpg', 1, 7, 1547439987);
INSERT INTO `t_lyc_info_file` VALUES ('CBFE53607E2F4AAEA113EF9E2C9E9E29', '64E454B49B61486A9935CBF0B3619FDD', '1547439957970.jpg', 1, 6, 1547439959);
INSERT INTO `t_lyc_info_file` VALUES ('5E4A0FE4EDEF4D06B0053F3B2F2D202A', '64E454B49B61486A9935CBF0B3619FDD', '1544684820689.jpg', 1, 10, 1544685073);
INSERT INTO `t_lyc_info_file` VALUES ('00C3186507E148AE9F0239F95F46711F', '64E454B49B61486A9935CBF0B3619FDD', '1544684769625.jpg', 1, 11, 1544685077);
INSERT INTO `t_lyc_info_file` VALUES ('76C26556E503463DA33ADD5022FCD81B', '64E454B49B61486A9935CBF0B3619FDD', '1547440062860.jpg', 1, 8, 1547440064);
INSERT INTO `t_lyc_info_file` VALUES ('82B04FADF2D947F39647701A121E0DB2', 'A56C847A186E40E8A653274168D39BDD', '1544087184874.jpg', 1, 4, 1544087189);
INSERT INTO `t_lyc_info_file` VALUES ('5822C136474F4156AC3FE65F20555470', 'E729FF79D51B46EBB91736928D5FD52E', '1547455272552.jpg', 1, 0, 1547455273);
INSERT INTO `t_lyc_info_file` VALUES ('DC8129EB0E0943DA8D981D8B49BD9E9E', 'E729FF79D51B46EBB91736928D5FD52E', '1547455278386.jpg', 1, 1, 1547455279);
INSERT INTO `t_lyc_info_file` VALUES ('8EA00B91C4004ADA9E739E71F1ABF2C7', 'E729FF79D51B46EBB91736928D5FD52E', '1547455284704.jpg', 1, 2, 1547455285);
INSERT INTO `t_lyc_info_file` VALUES ('F1170EFEBA4F4D90878B536FC8B1F7FD', 'E729FF79D51B46EBB91736928D5FD52E', '1547455292857.jpg', 1, 3, 1547455293);
INSERT INTO `t_lyc_info_file` VALUES ('42FED7390C70430EAE89E8E794291843', 'E729FF79D51B46EBB91736928D5FD52E', '1547455298966.jpg', 1, 4, 1547455299);
INSERT INTO `t_lyc_info_file` VALUES ('F4BC9C0547AE403BACB2594B35226890', '4A89E02F8D2E4B59AF472B458AE74A50', '1547457367839.jpg', 1, 5, 1547457368);
INSERT INTO `t_lyc_info_file` VALUES ('A0E11DEC44EE42E78D7AB1A325B749FE', 'A56C847A186E40E8A653274168D39BDD', '1544087153413.jpg', 1, 1, 1544087156);
INSERT INTO `t_lyc_info_file` VALUES ('0D4683DFA19149C681D3C166E3B6ACC7', 'A56C847A186E40E8A653274168D39BDD', '1544087162740.jpg', 1, 2, 1544087164);
INSERT INTO `t_lyc_info_file` VALUES ('E7CFF8BDE90D4C0E92DA291BBAAECE2C', 'A56C847A186E40E8A653274168D39BDD', '1544087169202.jpg', 1, 3, 1544087171);
INSERT INTO `t_lyc_info_file` VALUES ('6D4BEF3EC3504D1F8FAC7B404DC223F1', 'F7B2413EAEBD42BC92DC7BA7956A7658', '1544692930237.mp4', 0, 1, 1544692934);
INSERT INTO `t_lyc_info_file` VALUES ('ECFF71835BF04E41A3CABD59B8FD875F', 'FF605998B9604335AE99B6BCD1D886DD', '1545372901481.jpeg', 1, 3, 1545372904);
INSERT INTO `t_lyc_info_file` VALUES ('A15474CE387A450BAF5BE87587C04DED', '8A1F5B0C80C34A698A0407A48C573A03', '1535086493614.mp4', 0, 1, 1535086498);
INSERT INTO `t_lyc_info_file` VALUES ('8F5BDEE519FB45089C87450469662872', 'FF605998B9604335AE99B6BCD1D886DD', '1545372941123.jpg', 1, 5, 1545372956);
INSERT INTO `t_lyc_info_file` VALUES ('0E086EC77EA742A9A5CA3661C5555244', 'ED1E71B559674734A683EE0AC0A8EBDE', '1544087719452.jpg', 1, 5, 1544087722);
INSERT INTO `t_lyc_info_file` VALUES ('0BF39E77F05F4E39962E18D0D5C0F16C', '0FA799640CF94B26A4F10D31B68A19EF', '1544683379857.jpg', 1, 8, 1544683383);
INSERT INTO `t_lyc_info_file` VALUES ('9C835E62298B4DF8A48197E9C3160B83', '0FA799640CF94B26A4F10D31B68A19EF', '1544683088937.jpg', 1, 2, 1544683091);
INSERT INTO `t_lyc_info_file` VALUES ('076665AD29284C20A408C551A2D3C2ED', '0FA799640CF94B26A4F10D31B68A19EF', '1544683105085.jpg', 1, 1, 1544683109);
INSERT INTO `t_lyc_info_file` VALUES ('778FB997DCC948DDB3B95D9384CDA715', '0FA799640CF94B26A4F10D31B68A19EF', '1544683335518.jpg', 1, 7, 1544683340);
INSERT INTO `t_lyc_info_file` VALUES ('838181B1E78E411BABA9399FB44C84D3', '0FA799640CF94B26A4F10D31B68A19EF', '1544683128671.jpg', 1, 5, 1544683133);
INSERT INTO `t_lyc_info_file` VALUES ('7531F76EB58F4A5B9F8E2023842138C9', '0FA799640CF94B26A4F10D31B68A19EF', '1544683239561.jpg', 1, 6, 1544683242);
INSERT INTO `t_lyc_info_file` VALUES ('426C5E9348C74E5CB832508E2FB1DD44', '0FA799640CF94B26A4F10D31B68A19EF', '1544683388470.jpg', 1, 9, 1544683393);
INSERT INTO `t_lyc_info_file` VALUES ('1F8837D1211A4294B35240B6F78E2C82', 'E729FF79D51B46EBB91736928D5FD52E', '1547455306275.jpg', 1, 5, 1547455307);
INSERT INTO `t_lyc_info_file` VALUES ('CEF8F344FD1349F5A844349298C1A670', 'E729FF79D51B46EBB91736928D5FD52E', '1547455312568.jpg', 1, 6, 1547455316);
INSERT INTO `t_lyc_info_file` VALUES ('EA04A61198B949A9A5B3FD5A3D9A4324', 'E729FF79D51B46EBB91736928D5FD52E', '1547455323801.jpg', 1, 7, 1547455324);
INSERT INTO `t_lyc_info_file` VALUES ('6194F48DC9644837830AC966394D11FC', 'E729FF79D51B46EBB91736928D5FD52E', '1547455329721.jpg', 1, 8, 1547455330);
INSERT INTO `t_lyc_info_file` VALUES ('748ADE0D5AF340AB82FF704D2894E6BA', '64E454B49B61486A9935CBF0B3619FDD', '1547440034787.jpg', 1, 9, 1547440035);
INSERT INTO `t_lyc_info_file` VALUES ('2BED58E84DFB49F4962D9995894300F0', '64E454B49B61486A9935CBF0B3619FDD', '1547439900235.jpg', 1, 5, 1547439901);
INSERT INTO `t_lyc_info_file` VALUES ('4B6D9EECD1A446A4A460E4438C1F0BDD', '9687A044DEF04AB9A07A5D1BD58D969C', '1534920132725.jpeg', 1, 4, 1543463096);
INSERT INTO `t_lyc_info_file` VALUES ('64B5CE764F004752B935C8784DE50859', '80A9BEC20B93457B98DF0115025FD712', '1534918631571.jpeg', 1, 1, 1534918636);
INSERT INTO `t_lyc_info_file` VALUES ('C4CF95B618B946ED8844588B8E789AC7', '80A9BEC20B93457B98DF0115025FD712', '1534918642047.jpeg', 1, 2, 1534918645);
INSERT INTO `t_lyc_info_file` VALUES ('9FCF6BAD31FD47408430F461455E4C7A', '80A9BEC20B93457B98DF0115025FD712', '1534918651886.jpeg', 1, 3, 1534918654);
INSERT INTO `t_lyc_info_file` VALUES ('E94E22F94C564412B359E6736A2E3204', '80A9BEC20B93457B98DF0115025FD712', '1534918660204.jpeg', 1, 4, 1534918662);
INSERT INTO `t_lyc_info_file` VALUES ('B2E45F0BBE3A44869B59144971465D9C', '80A9BEC20B93457B98DF0115025FD712', '1534918667801.jpeg', 1, 5, 1534918670);
INSERT INTO `t_lyc_info_file` VALUES ('7D2E8418EDA445AC8D65F00FAF8E6D79', '9D6CF8F770834E28B4B14471190392C6', '1544081547679.jpg', 1, 1, 1544081551);
INSERT INTO `t_lyc_info_file` VALUES ('532BADF793F54410A55A578BEB7B52D5', '9D6CF8F770834E28B4B14471190392C6', '1534918720414.jpeg', 1, 2, 1534918723);
INSERT INTO `t_lyc_info_file` VALUES ('E98716516E7449ECBC7216E4E0EFE181', '9D6CF8F770834E28B4B14471190392C6', '1534918730448.jpeg', 1, 3, 1534918733);
INSERT INTO `t_lyc_info_file` VALUES ('CB61C08DD3264DE2AC84556EACD38110', '9D6CF8F770834E28B4B14471190392C6', '1534918742582.jpeg', 1, 4, 1534918745);
INSERT INTO `t_lyc_info_file` VALUES ('94A50F80FE0F42E39C41BE49E8B7E186', '9D6CF8F770834E28B4B14471190392C6', '1544081660336.jpg', 1, 5, 1544081662);
INSERT INTO `t_lyc_info_file` VALUES ('B446A399D2A64E6B9EBEBB4F6811FF85', 'E822DA1ECBCD442B81EF54ADCA1DAE50', '1534919869499.jpeg', 1, 1, 1534919873);
INSERT INTO `t_lyc_info_file` VALUES ('04217F288C964EE7B2D50D899A300B26', 'E822DA1ECBCD442B81EF54ADCA1DAE50', '1534919877740.jpeg', 1, 2, 1534919880);
INSERT INTO `t_lyc_info_file` VALUES ('8A68B471A10F44DDAB0BC406CDBC34A9', 'E822DA1ECBCD442B81EF54ADCA1DAE50', '1534919886480.jpeg', 1, 3, 1534919888);
INSERT INTO `t_lyc_info_file` VALUES ('CFCB9F3C54C54E748C11E0D47408D2E6', 'E822DA1ECBCD442B81EF54ADCA1DAE50', '1534919900497.jpeg', 1, 4, 1534919903);
INSERT INTO `t_lyc_info_file` VALUES ('829F4B850FCF42A6BC5A428BBCE77738', 'E822DA1ECBCD442B81EF54ADCA1DAE50', '1534919908113.jpeg', 1, 5, 1534919911);
INSERT INTO `t_lyc_info_file` VALUES ('25B34A2CE6844574A41A0DAECB9A3005', '856B719595A24CECAF8A424266A721A6', '1534919936518.jpeg', 1, 1, 1534919939);
INSERT INTO `t_lyc_info_file` VALUES ('08C60D3815744B689EDC64E129AA98A7', '856B719595A24CECAF8A424266A721A6', '1534919942680.jpeg', 1, 2, 1534919946);
INSERT INTO `t_lyc_info_file` VALUES ('BF607BB1D7C14EE8B7E41093ED9069E4', '856B719595A24CECAF8A424266A721A6', '1534919949315.jpeg', 1, 3, 1534919953);
INSERT INTO `t_lyc_info_file` VALUES ('9D65232D7B274C0DA16607D8D404CB43', '856B719595A24CECAF8A424266A721A6', '1534919961378.jpeg', 1, 4, 1534919963);
INSERT INTO `t_lyc_info_file` VALUES ('70ACC5709A564C32B4656AA1B70DCE6F', '856B719595A24CECAF8A424266A721A6', '1534919968522.jpeg', 1, 5, 1534919971);
INSERT INTO `t_lyc_info_file` VALUES ('E13E50C7D15445FCB220EA5B72CFEAD4', '365131FA0124443BBC8D412F2B96EFF5', '1534919993402.JPG', 1, 1, 1534919997);
INSERT INTO `t_lyc_info_file` VALUES ('C256748FDC414427872CA236BBD3FB0A', '365131FA0124443BBC8D412F2B96EFF5', '1534920002399.jpeg', 1, 2, 1534920005);
INSERT INTO `t_lyc_info_file` VALUES ('33018B698CF84771A71A42DAA26024C3', '365131FA0124443BBC8D412F2B96EFF5', '1534920011658.jpeg', 1, 3, 1534920014);
INSERT INTO `t_lyc_info_file` VALUES ('525CE9BC31E84210949B6BAD8511BD75', '365131FA0124443BBC8D412F2B96EFF5', '1547457570234.jpg', 1, 4, 1547457571);
INSERT INTO `t_lyc_info_file` VALUES ('C7FC8DF7F08947EDB4257FCFE75B8B1D', '365131FA0124443BBC8D412F2B96EFF5', '1547457576087.jpg', 1, 5, 1547457577);
INSERT INTO `t_lyc_info_file` VALUES ('C7730597BE0B48F1AD52F9683C598405', '9687A044DEF04AB9A07A5D1BD58D969C', '1534920087572.jpeg', 1, 2, 1543463063);
INSERT INTO `t_lyc_info_file` VALUES ('838661CC70134F838C36EE3BF590333C', '9687A044DEF04AB9A07A5D1BD58D969C', '1534920094099.jpeg', 1, 5, 1543463101);
INSERT INTO `t_lyc_info_file` VALUES ('658E4704055945C7A06ABD89638C43DF', '9687A044DEF04AB9A07A5D1BD58D969C', '1534920102305.jpeg', 1, 3, 1534920105);
INSERT INTO `t_lyc_info_file` VALUES ('68BA11FC81C04C1A8043718A85A10EA4', '7B1BEE333DB24333B6C02F8373EC11D1', '1545619675878.jpg', 1, 1, 1545619710);
INSERT INTO `t_lyc_info_file` VALUES ('1D039FE29EB645D18D46AF7DE5DEDFC3', 'BD2FBD5D614E4625A50A1FD5675F74D8', '1545374335212.jpg', 1, 4, 1545374339);
INSERT INTO `t_lyc_info_file` VALUES ('DC4614D2A212478EB74B6B16E86AA698', 'BD2FBD5D614E4625A50A1FD5675F74D8', '1545374195302.jpg', 1, 3, 1545374208);
INSERT INTO `t_lyc_info_file` VALUES ('8602126390AD42AC89C5B594B49A4593', '6198DA57983847F9B831A3F8B764A446', '1544689500491.jpeg', 1, 2, 1544689536);
INSERT INTO `t_lyc_info_file` VALUES ('DD564C1222BC44949B6E3BA3A893E3E9', 'BD2FBD5D614E4625A50A1FD5675F74D8', '1545374035001.jpg', 1, 2, 1545374048);
INSERT INTO `t_lyc_info_file` VALUES ('9FC4916AC2FE41098B1A308EC7A0D5B4', '0F2D79ACEC17451BBBDA3F752CD5F43E', '1544082644537.jpg', 1, 5, 1544082765);
INSERT INTO `t_lyc_info_file` VALUES ('D58FF47E68B34331B1E4C15D91B40BB6', '0F2D79ACEC17451BBBDA3F752CD5F43E', '1534912459879.jpg', 1, 4, 1544082761);
INSERT INTO `t_lyc_info_file` VALUES ('632CDA119E024A7EA52F195A6F41F981', '732193C5CD3E4E14B75E7A2FF529A0F9', '1544085296125.jpg', 1, 5, 1544085298);
INSERT INTO `t_lyc_info_file` VALUES ('18DEF08C6F3D4A138F5078A1E3B1DA87', 'E1506C41D3C2489F9B286136B1DC434D', '1534915051216.png', 1, 0, 1547438173);
INSERT INTO `t_lyc_info_file` VALUES ('A244D09E61B641D98D7CC4579BEDC725', 'E1506C41D3C2489F9B286136B1DC434D', '1547438159738.jpg', 1, 1, 1547438177);
INSERT INTO `t_lyc_info_file` VALUES ('6DE88044F85F41B79BF50895B0E80059', 'E1506C41D3C2489F9B286136B1DC434D', '1547438182641.jpg', 1, 2, 1547438183);
INSERT INTO `t_lyc_info_file` VALUES ('ECDBFA9D6955459CA8B103265CDC06B7', 'E1506C41D3C2489F9B286136B1DC434D', '1547438189439.jpg', 1, 3, 1547438190);
INSERT INTO `t_lyc_info_file` VALUES ('DC83FA5C999841CF8FCB8DE8766F8291', 'E1506C41D3C2489F9B286136B1DC434D', '1547438195726.jpg', 1, 4, 1547438196);
INSERT INTO `t_lyc_info_file` VALUES ('E6CE895778484891AE2837D12F2BC8B8', '05F639B8F8F1430FA7CEB8728F875938', '1534915394438.JPG', 1, 1, 1534915397);
INSERT INTO `t_lyc_info_file` VALUES ('DC0DD165283A47B8B23FA8BE95C8E224', '05F639B8F8F1430FA7CEB8728F875938', '1534915457426.JPG', 1, 3, 1534915461);
INSERT INTO `t_lyc_info_file` VALUES ('AC059E5B4B634738A0A5725A32EDC147', '05F639B8F8F1430FA7CEB8728F875938', '1534915445137.JPG', 1, 2, 1534915448);
INSERT INTO `t_lyc_info_file` VALUES ('4375F1CEB87E49F4AA91DBCA97243930', '05F639B8F8F1430FA7CEB8728F875938', '1534915468074.JPG', 1, 4, 1534915471);
INSERT INTO `t_lyc_info_file` VALUES ('986345C2829A4D5C9FC04FA7C4D8CF9B', '05F639B8F8F1430FA7CEB8728F875938', '1534915477556.JPG', 1, 5, 1534915482);
INSERT INTO `t_lyc_info_file` VALUES ('15881DBBED1947A3A19A8F101664B016', '6198DA57983847F9B831A3F8B764A446', '1534915871473.jpg', 1, 1, 1534915876);
INSERT INTO `t_lyc_info_file` VALUES ('4117DF2F5B134B0C81C8621240C67F0B', '16BB5774F5FA45B0875D4BCA2FF1CA76', '1544690228145.jpg', 1, 2, 1544690230);
INSERT INTO `t_lyc_info_file` VALUES ('2713646DC939491EAD1D8FB5F93DA5A0', '16BB5774F5FA45B0875D4BCA2FF1CA76', '1544690233854.jpg', 1, 3, 1544690236);
INSERT INTO `t_lyc_info_file` VALUES ('09ABBC01DABC4E14A72235919960F0DC', '16BB5774F5FA45B0875D4BCA2FF1CA76', '1544690221279.jpeg', 1, 1, 1544690224);
INSERT INTO `t_lyc_info_file` VALUES ('352473CF9A8241B3B3E7864CF16E8F13', '6198DA57983847F9B831A3F8B764A446', '1534915915442.jpeg', 1, 3, 1544689539);
INSERT INTO `t_lyc_info_file` VALUES ('0E62FD4695E34283BE344B46FB29BE6A', 'A70EF03E11704B97BD6725DB240909D8', '1544086247913.jpeg', 1, 1, 1544086252);
INSERT INTO `t_lyc_info_file` VALUES ('CD34AFA4FED44FB0BBA523C1675A803F', 'DD117B577B5A439D87510DFCCC47578E', '1534915951691.jpeg', 1, 1, 1534915956);
INSERT INTO `t_lyc_info_file` VALUES ('DF5E6BAED7D3465E9D61353EA419567C', 'DD117B577B5A439D87510DFCCC47578E', '1534915968516.jpeg', 1, 3, 1534915971);
INSERT INTO `t_lyc_info_file` VALUES ('8B5043D5A3BC4BDA8C68CCB8CC27279B', 'DD117B577B5A439D87510DFCCC47578E', '1547458559475.jpg', 1, 2, 1547458560);
INSERT INTO `t_lyc_info_file` VALUES ('CF97F53D11C843CF8FFA05AEDEFDF4F4', 'DD117B577B5A439D87510DFCCC47578E', '1547458567490.jpg', 1, 4, 1547458568);
INSERT INTO `t_lyc_info_file` VALUES ('CCC28A77C4DD4062A2D495784FF687E8', 'DD117B577B5A439D87510DFCCC47578E', '1547458572322.jpg', 1, 5, 1547458573);
INSERT INTO `t_lyc_info_file` VALUES ('519B475D38EA42AD9C78F12F664E5068', 'BD2FBD5D614E4625A50A1FD5675F74D8', '1545374274650.jpg', 1, 5, 1545374281);
INSERT INTO `t_lyc_info_file` VALUES ('13BD66DF999944A3A6116709ED8F301B', '5ECD4A2FCC274A9194F2C7C600C5DF1A', '1534916020150.jpg', 1, 1, 1534916025);
INSERT INTO `t_lyc_info_file` VALUES ('7B4381F1C5B24A848E2CE980B6B50F22', '5ECD4A2FCC274A9194F2C7C600C5DF1A', '1534916027430.jpg', 1, 2, 1534916031);
INSERT INTO `t_lyc_info_file` VALUES ('87AEE061C06940F0AA19096775B8730A', '5ECD4A2FCC274A9194F2C7C600C5DF1A', '1534916036197.jpg', 1, 3, 1534916038);
INSERT INTO `t_lyc_info_file` VALUES ('9D109A5FA7954735A8348408E12FBC15', '5ECD4A2FCC274A9194F2C7C600C5DF1A', '1534916042545.jpg', 1, 4, 1534916046);
INSERT INTO `t_lyc_info_file` VALUES ('07312E0A83A94157BF12B4CA186CC208', '5ECD4A2FCC274A9194F2C7C600C5DF1A', '1534916050103.jpg', 1, 5, 1534916053);
INSERT INTO `t_lyc_info_file` VALUES ('1759D5BA99264B2A97927CFBD3B36CBF', '5ECD4A2FCC274A9194F2C7C600C5DF1A', '1534916055908.jpg', 1, 6, 1534916059);
INSERT INTO `t_lyc_info_file` VALUES ('BFE88CB6ACC948C2A0FED93979ED73EC', '0BFB32ECFABB423E95455330285FA087', '1534916190191.jpg', 1, 1, 1534916195);
INSERT INTO `t_lyc_info_file` VALUES ('B12BF5F70B924986B86727986BBB919A', '0BFB32ECFABB423E95455330285FA087', '1534916213092.mp4', 0, 2, 1534916218);
INSERT INTO `t_lyc_info_file` VALUES ('1A7350FD98EB44ADAABFAFCFA327B35A', '0BFB32ECFABB423E95455330285FA087', '1534916250285.jpg', 1, 3, 1534916254);
INSERT INTO `t_lyc_info_file` VALUES ('79C41FC721AF4A52AEE67F422B35E906', '0BFB32ECFABB423E95455330285FA087', '1547457962294.jpg', 1, 4, 1547457963);
INSERT INTO `t_lyc_info_file` VALUES ('B4E0F25E80304F33A0C286692B5BB32A', '0BFB32ECFABB423E95455330285FA087', '1534916312498.jpg', 1, 5, 1534916318);
INSERT INTO `t_lyc_info_file` VALUES ('B655756B7D6C4D94A632A362B2B5AFE8', 'A70EF03E11704B97BD6725DB240909D8', '1544086270091.jpg', 1, 2, 1544086274);
INSERT INTO `t_lyc_info_file` VALUES ('D4788B3C63364EF394AAED2E8D234D8E', '9D548205C43042C4AA0ED37218EBE303', '1534916428234.jpg', 1, 1, 1534916433);
INSERT INTO `t_lyc_info_file` VALUES ('76A99C311E6B403AB6B2F0EF54C6E295', 'BD2FBD5D614E4625A50A1FD5675F74D8', '1545374067686.jpg', 1, 1, 1545374079);
INSERT INTO `t_lyc_info_file` VALUES ('57D5BC354F8B4236BC29149CDB1E1EEA', 'AD7D62D037BB48018ED7888044774512', '1544692242345.mp4', 0, 1, 1544692244);
INSERT INTO `t_lyc_info_file` VALUES ('A956502A77C94F3E9610790177FFAC2F', '9D548205C43042C4AA0ED37218EBE303', '1534916506782.jpeg', 1, 4, 1534916510);
INSERT INTO `t_lyc_info_file` VALUES ('1288A94B8BEC49368655B2FC8FF03133', '9D548205C43042C4AA0ED37218EBE303', '1534916515245.jpeg', 1, 5, 1534916518);
INSERT INTO `t_lyc_info_file` VALUES ('BA8FE8E0DDAC4981B13C616919B2BF88', 'A70EF03E11704B97BD6725DB240909D8', '1544086280348.jpg', 1, 3, 1544086282);
INSERT INTO `t_lyc_info_file` VALUES ('63051C7B17744854B01CDD3B6B3919C9', '026CF35488374E499FE2EC8BFEDA74C2', '1534916691708.jpg', 1, 1, 1534916695);
INSERT INTO `t_lyc_info_file` VALUES ('E992CBF8531643D2A2A278F56D3267BC', '026CF35488374E499FE2EC8BFEDA74C2', '1534916732084.jpg', 1, 2, 1534916736);
INSERT INTO `t_lyc_info_file` VALUES ('D04B3757D41649CDB683982978967822', '026CF35488374E499FE2EC8BFEDA74C2', '1534916743156.jpeg', 1, 3, 1534916746);
INSERT INTO `t_lyc_info_file` VALUES ('56DCC8B4C6F94587A8B71E111BC8C0F4', '026CF35488374E499FE2EC8BFEDA74C2', '1534916769908.jpeg', 1, 4, 1534916773);
INSERT INTO `t_lyc_info_file` VALUES ('9C60C1D2F8D948A2BB485CDFE3855C9E', '026CF35488374E499FE2EC8BFEDA74C2', '1534916780252.jpg', 1, 5, 1534916786);
INSERT INTO `t_lyc_info_file` VALUES ('35986F37629B4D9691CC39748F33A7D9', 'A70EF03E11704B97BD6725DB240909D8', '1544086291168.jpeg', 1, 4, 1544086293);
INSERT INTO `t_lyc_info_file` VALUES ('8A188FC3511A407C8338398ECFE762FF', 'CF3BE4F02D904E589E47BF7100A46552', '1534916886258.jpg', 1, 0, 1547439246);
INSERT INTO `t_lyc_info_file` VALUES ('9738296545C940D6A23734698EDC4373', 'CF3BE4F02D904E589E47BF7100A46552', '1547439252726.jpg', 1, 1, 1547439255);
INSERT INTO `t_lyc_info_file` VALUES ('77333447ABD342E5827DD32B6BCB7856', 'CF3BE4F02D904E589E47BF7100A46552', '1547439261876.jpg', 1, 2, 1547439263);
INSERT INTO `t_lyc_info_file` VALUES ('4CBCEF0A7AC1486B8E5075C895CF51AD', 'CF3BE4F02D904E589E47BF7100A46552', '1547439272334.jpg', 1, 3, 1547439274);
INSERT INTO `t_lyc_info_file` VALUES ('0E0D029661EE4E1D9AA279482537D653', 'CF3BE4F02D904E589E47BF7100A46552', '1547439279988.jpg', 1, 4, 1547439281);
INSERT INTO `t_lyc_info_file` VALUES ('D5472ACBF8194638A7A191B6701B3E18', '4A89E02F8D2E4B59AF472B458AE74A50', '1544086675756.jpeg', 1, 3, 1544086677);
INSERT INTO `t_lyc_info_file` VALUES ('DCB2BEEA98CC4656998F25FD2E5174E1', 'C4CB266D1A844D1488F6CEE5089CCDA3', '1547439582274.jpg', 1, 1, 1547439583);
INSERT INTO `t_lyc_info_file` VALUES ('4B03E95123584DB49CA4B52AA79A6CA4', 'C4CB266D1A844D1488F6CEE5089CCDA3', '1547439592059.jpg', 1, 2, 1547439593);
INSERT INTO `t_lyc_info_file` VALUES ('233E2DCAE5AE49E6B93A2FC2449C2504', 'C4CB266D1A844D1488F6CEE5089CCDA3', '1547439598647.jpg', 1, 3, 1547439600);
INSERT INTO `t_lyc_info_file` VALUES ('D0A56B205D5D4ABE8F6A95C6EC15EE33', 'C4CB266D1A844D1488F6CEE5089CCDA3', '1547439606259.jpg', 1, 4, 1547439607);
INSERT INTO `t_lyc_info_file` VALUES ('7426DCCDA9F0455C8EE88E79E39041A4', 'C4CB266D1A844D1488F6CEE5089CCDA3', '1534917194006.jpg', 1, 0, 1544686531);
INSERT INTO `t_lyc_info_file` VALUES ('4AEF8733E0FF4A09872EAD47B1384943', '3A7D4375D67D4A16A27274435E179EB6', '1534917263881.jpg', 1, 1, 1534917268);
INSERT INTO `t_lyc_info_file` VALUES ('ACB22EBF67D84C96A732E259736A8E34', '3A7D4375D67D4A16A27274435E179EB6', '1534917272923.jpg', 1, 0, 1544078136);
INSERT INTO `t_lyc_info_file` VALUES ('C11BDA0D3A3F4B21BC2463130C8BC296', '4A89E02F8D2E4B59AF472B458AE74A50', '1544086657938.jpg', 1, 2, 1544086660);
INSERT INTO `t_lyc_info_file` VALUES ('0CC5C0655CB146BCA79E17A8BF5C6A46', '3A7D4375D67D4A16A27274435E179EB6', '1534917287608.jpg', 1, 2, 1543468835);
INSERT INTO `t_lyc_info_file` VALUES ('997A04DB9EB5471DA91635426EB14A9C', '3A7D4375D67D4A16A27274435E179EB6', '1534917295718.jpg', 1, 4, 1544078149);
INSERT INTO `t_lyc_info_file` VALUES ('E41A41985F174AECB8B4EE7F3FDDBC0F', '3A7D4375D67D4A16A27274435E179EB6', '1534917304429.jpg', 1, 3, 1544078144);
INSERT INTO `t_lyc_info_file` VALUES ('34D4CEA71FB74003BC99FCC959D619FB', '1F1F8B9F27FC4FD3A21D673A4635D304', '1534917344792.jpeg', 1, 4, 1544076969);
INSERT INTO `t_lyc_info_file` VALUES ('2AED488DC43B48B4995B13C36B1981A9', '1F1F8B9F27FC4FD3A21D673A4635D304', '1534917352012.jpeg', 1, 2, 1534917356);
INSERT INTO `t_lyc_info_file` VALUES ('BAE0CE533FDF42FC9C10B5BA0B32BAA5', '1F1F8B9F27FC4FD3A21D673A4635D304', '1534917362335.JPG', 1, 3, 1534917367);
INSERT INTO `t_lyc_info_file` VALUES ('5763FC8AC3A547DEBE0A065904CE9903', '4A89E02F8D2E4B59AF472B458AE74A50', '1544086614191.jpg', 1, 1, 1544086619);
INSERT INTO `t_lyc_info_file` VALUES ('3988E1238D574330847737364EB91897', '1F1F8B9F27FC4FD3A21D673A4635D304', '1534917380732.JPG', 1, 1, 1544076976);
INSERT INTO `t_lyc_info_file` VALUES ('F831C6B965694A2BB3FB978EDA826832', '1F1F8B9F27FC4FD3A21D673A4635D304', '1534917388672.jpeg', 1, 5, 1544076985);
INSERT INTO `t_lyc_info_file` VALUES ('F0009184E9EC48E18BDE035F85D8985E', 'AF68BA249FF94D6081485CF4370AD967', '1534917416355.jpeg', 1, 1, 1534917420);
INSERT INTO `t_lyc_info_file` VALUES ('6ECDF7D5798D42578B1A87006EE39914', 'AF68BA249FF94D6081485CF4370AD967', '1534917449570.mov', 0, 2, 1543468958);
INSERT INTO `t_lyc_info_file` VALUES ('2D755D93D2964A5C8A4A94EF33946107', 'AF68BA249FF94D6081485CF4370AD967', '1534917461926.jpeg', 1, 3, 1534917465);
INSERT INTO `t_lyc_info_file` VALUES ('B0063E9A248F40BAA433B160E43B4EEC', 'AF68BA249FF94D6081485CF4370AD967', '1534917469506.jpg', 1, 0, 1544076747);
INSERT INTO `t_lyc_info_file` VALUES ('93C816AAC913488CA63BB25301A23E74', 'AF68BA249FF94D6081485CF4370AD967', '1547458686352.jpg', 1, 5, 1547458687);
INSERT INTO `t_lyc_info_file` VALUES ('E740BCB6F98943239940BD83CE6F33E6', '6136C64C48A9448F9663CBBF19D1C257', '1534917586362.jpeg', 1, 1, 1543463227);
INSERT INTO `t_lyc_info_file` VALUES ('5027367D9E164FE69CD4584AA07440B4', '6136C64C48A9448F9663CBBF19D1C257', '1534917639125.jpeg', 1, 2, 1534917644);
INSERT INTO `t_lyc_info_file` VALUES ('6D18F5AE509B4044B85CAF7814011FF1', '6136C64C48A9448F9663CBBF19D1C257', '1543463516436.mp4', 0, 3, 1543463517);
INSERT INTO `t_lyc_info_file` VALUES ('3E7CC75215B0492E8ABD7CA6C9A8B8C3', '6136C64C48A9448F9663CBBF19D1C257', '1534917676373.jpeg', 1, 4, 1543463535);
INSERT INTO `t_lyc_info_file` VALUES ('533AFE344CFF42F3A6632F5DA6E79AE6', '6136C64C48A9448F9663CBBF19D1C257', '1534917685616.jpeg', 1, 5, 1543463541);
INSERT INTO `t_lyc_info_file` VALUES ('A87CE60F35A54AB79955DAD9ED6314B9', '9F1D68F2577A4BB9868DD48CF3E7C216', '1534918065261.jpg', 1, 1, 1534918070);
INSERT INTO `t_lyc_info_file` VALUES ('3D513843522044AC8F1F53C5DC5E2640', '9F1D68F2577A4BB9868DD48CF3E7C216', '1534918074419.jpg', 1, 2, 1534918079);
INSERT INTO `t_lyc_info_file` VALUES ('944D8DF6C8B84B92BEE97EC481295226', '9F1D68F2577A4BB9868DD48CF3E7C216', '1534918087589.jpg', 1, 3, 1534918090);
INSERT INTO `t_lyc_info_file` VALUES ('65128B4FAAF34BB29E3C4235BA160381', '9F1D68F2577A4BB9868DD48CF3E7C216', '1534918095040.jpg', 1, 4, 1534918098);
INSERT INTO `t_lyc_info_file` VALUES ('28FB9DB57721414180DB1330211B5B1F', 'A70EF03E11704B97BD6725DB240909D8', '1544086295593.jpeg', 1, 5, 1544086299);
INSERT INTO `t_lyc_info_file` VALUES ('A2F61776DC1C4C738C7C79B1A6C1BDF1', '9F1D68F2577A4BB9868DD48CF3E7C216', '1534918194929.jpg', 1, 5, 1544075902);
INSERT INTO `t_lyc_info_file` VALUES ('6BC01D0CB30347ADB276DE4C3856D2E1', '53AFED7422154AC49263BE66CE75F97B', '1534918232250.jpeg', 1, 1, 1534918236);
INSERT INTO `t_lyc_info_file` VALUES ('CA59929801A14FAE9AC839D5A823FFC4', '53AFED7422154AC49263BE66CE75F97B', '1534918246714.jpeg', 1, 2, 1534918250);
INSERT INTO `t_lyc_info_file` VALUES ('D83D46F09A8740A4912A39C0CE4BFA66', '53AFED7422154AC49263BE66CE75F97B', '1534918389746.jpeg', 1, 3, 1534918394);
INSERT INTO `t_lyc_info_file` VALUES ('57C202F70C044035B1AC358BE4321881', '53AFED7422154AC49263BE66CE75F97B', '1534918400851.jpeg', 1, 4, 1534918405);
INSERT INTO `t_lyc_info_file` VALUES ('D709A77FFF8349C08ABD5E5CFEC5B985', '53AFED7422154AC49263BE66CE75F97B', '1534918410274.jpeg', 1, 5, 1534918413);
INSERT INTO `t_lyc_info_file` VALUES ('9F1CD3868F7347849B7DB3DF43948B04', '0F2D79ACEC17451BBBDA3F752CD5F43E', '1534912443357.jpg', 1, 1, 1544082752);
INSERT INTO `t_lyc_info_file` VALUES ('B025B685709B4C5AB6261A3D5D4C556A', '0F2D79ACEC17451BBBDA3F752CD5F43E', '1544082521563.jpg', 1, 3, 1544082757);
INSERT INTO `t_lyc_info_file` VALUES ('5838A6D6257A402B9245E2229445EF74', '732193C5CD3E4E14B75E7A2FF529A0F9', '1544085279562.jpg', 1, 3, 1544085282);
INSERT INTO `t_lyc_info_file` VALUES ('FFE6F521ABDB4D94A91A823FFAE8A4BA', '732193C5CD3E4E14B75E7A2FF529A0F9', '1544085288622.jpg', 1, 4, 1544085291);
INSERT INTO `t_lyc_info_file` VALUES ('4F548D38286B4178A6D15C18807DACA4', '0F2D79ACEC17451BBBDA3F752CD5F43E', '1544082434163.jpg', 1, 2, 1544082436);
INSERT INTO `t_lyc_info_file` VALUES ('B25140DE0F5A494DBCAA88647FA3FC21', '732193C5CD3E4E14B75E7A2FF529A0F9', '1544085613618.jpg', 1, 1, 1544085615);
INSERT INTO `t_lyc_info_file` VALUES ('01FE707359FC481EB65042E56F55DAF2', '732193C5CD3E4E14B75E7A2FF529A0F9', '1544085264320.jpg', 1, 2, 1544085267);
INSERT INTO `t_lyc_info_file` VALUES ('365F37E788D640088DC0DD63D08A8E31', '6204E18C07E847929D54366BC90A8361', '1534905360053.jpg', 1, 1, 1534905368);
INSERT INTO `t_lyc_info_file` VALUES ('D8B73FCB728647E7ADE7664A3F5D52DF', '6204E18C07E847929D54366BC90A8361', '1547455583817.jpg', 1, 2, 1547455584);
INSERT INTO `t_lyc_info_file` VALUES ('3D92DF14181D4354B3F5CAFE212B3F7C', '6204E18C07E847929D54366BC90A8361', '1547455589689.jpg', 1, 3, 1547455590);
INSERT INTO `t_lyc_info_file` VALUES ('B479FB37143F49568916975287F2D50D', '6204E18C07E847929D54366BC90A8361', '1547455595648.jpg', 1, 4, 1547455597);
INSERT INTO `t_lyc_info_file` VALUES ('F8430E6895594E679972C6B7CD7B6EEE', '6204E18C07E847929D54366BC90A8361', '1547455601704.jpg', 1, 5, 1547455602);
INSERT INTO `t_lyc_info_file` VALUES ('6ED46CAEF683472EA24D51F14CB3BD45', '770866C410B7475D9CB0A3D29950B548', '1534833582891.jpg', 1, 1, 1534833792);
INSERT INTO `t_lyc_info_file` VALUES ('330C234001E14ECEA5422AF6E9914290', '770866C410B7475D9CB0A3D29950B548', '1547458181960.jpg', 1, 2, 1547458183);
INSERT INTO `t_lyc_info_file` VALUES ('E15DB07604DC47C28E6B4D429788026D', '770866C410B7475D9CB0A3D29950B548', '1547458187052.jpg', 1, 3, 1547458188);
INSERT INTO `t_lyc_info_file` VALUES ('EA92E54D5A7B4D7E8C981E673D4E714A', '770866C410B7475D9CB0A3D29950B548', '1547458194095.jpg', 1, 4, 1547458195);
INSERT INTO `t_lyc_info_file` VALUES ('307E95D663024B75B8B521F195833C76', '4A89E02F8D2E4B59AF472B458AE74A50', '1544086688564.jpeg', 1, 4, 1544086690);
INSERT INTO `t_lyc_info_file` VALUES ('8B1E99C20074465A8BD5DED8F56F179E', '770866C410B7475D9CB0A3D29950B548', '1547458201668.jpg', 1, 5, 1547458202);
INSERT INTO `t_lyc_info_file` VALUES ('EC26D271F14D4A59BA8544061EFD1EE8', 'AF26B1C8A8874BCDA46345546C04DF2B', '1534912148748.png', 1, 1, 1544694192);
INSERT INTO `t_lyc_info_file` VALUES ('46F74B3D22504512A34BA9E3703FC951', 'AF26B1C8A8874BCDA46345546C04DF2B', '1544694197863.jpg', 1, 2, 1544694202);
INSERT INTO `t_lyc_info_file` VALUES ('5FD2F93F94E44F8BA2C616C70144B489', 'AF26B1C8A8874BCDA46345546C04DF2B', '1534912182546.png', 1, 3, 1534912187);
INSERT INTO `t_lyc_info_file` VALUES ('BEF53C3938A144CAB00D140B9CA78983', 'AF26B1C8A8874BCDA46345546C04DF2B', '1534912190118.png', 1, 4, 1534912195);
INSERT INTO `t_lyc_info_file` VALUES ('A076641C10FE4D458A024311EB8ED20A', 'AF26B1C8A8874BCDA46345546C04DF2B', '1534912198237.png', 1, 5, 1534912203);
INSERT INTO `t_lyc_info_file` VALUES ('7C79D2A074FA40CEAA616D10038B3A74', '67BD5F47C01B4A61B8DC3CA2A305DA13', '1544080161332.jpg', 1, 1, 1544080163);
INSERT INTO `t_lyc_info_file` VALUES ('8DE2ED59CC984F45A7F5D38F641B2259', '67BD5F47C01B4A61B8DC3CA2A305DA13', '1534912261791.jpg', 1, 2, 1534912267);
INSERT INTO `t_lyc_info_file` VALUES ('F214352C17FA4C73B962DE72DD7171E9', '67BD5F47C01B4A61B8DC3CA2A305DA13', '1534912269872.jpg', 1, 3, 1534912274);
INSERT INTO `t_lyc_info_file` VALUES ('4333F99D9BBA4182B9BF8B907F70D4E7', '67BD5F47C01B4A61B8DC3CA2A305DA13', '1534912276901.jpg', 1, 4, 1534912281);
INSERT INTO `t_lyc_info_file` VALUES ('4A0C46970A8A438985792A0E8B98F7AB', '67BD5F47C01B4A61B8DC3CA2A305DA13', '1547458307436.jpg', 1, 5, 1547458308);

-- ----------------------------
-- Table structure for t_lyc_info_tags
-- ----------------------------
DROP TABLE IF EXISTS `t_lyc_info_tags`;
CREATE TABLE `t_lyc_info_tags`  (
  `info_id` varchar(32) CHARACTER SET utf8 COLLATE utf8_general_ci NOT NULL COMMENT '信息ID',
  `tags_id` varchar(32) CHARACTER SET utf8 COLLATE utf8_general_ci NOT NULL COMMENT '标签ID',
  PRIMARY KEY (`info_id`, `tags_id`) USING BTREE
) ENGINE = MyISAM CHARACTER SET = utf8 COLLATE = utf8_general_ci COMMENT = '案例标签表' ROW_FORMAT = Dynamic;

-- ----------------------------
-- Table structure for t_lyc_recruit_category
-- ----------------------------
DROP TABLE IF EXISTS `t_lyc_recruit_category`;
CREATE TABLE `t_lyc_recruit_category`  (
  `id` varchar(32) CHARACTER SET utf8mb4 COLLATE utf8mb4_general_ci NOT NULL COMMENT '主键',
  `title_cn` varchar(200) CHARACTER SET utf8mb4 COLLATE utf8mb4_general_ci NULL DEFAULT NULL COMMENT '名称(中）',
  `del_tag` int(2) NULL DEFAULT 0 COMMENT '0:启用1:禁用',
  `order_tag` int(2) NULL DEFAULT 0 COMMENT '排序',
  `title_en` varchar(255) CHARACTER SET utf8mb4 COLLATE utf8mb4_general_ci NULL DEFAULT NULL COMMENT '名称(英）',
  PRIMARY KEY (`id`) USING BTREE
) ENGINE = MyISAM CHARACTER SET = utf8mb4 COLLATE = utf8mb4_general_ci COMMENT = '人才策略类型' ROW_FORMAT = Dynamic;

-- ----------------------------
-- Table structure for t_lyc_recruit_cn
-- ----------------------------
DROP TABLE IF EXISTS `t_lyc_recruit_cn`;
CREATE TABLE `t_lyc_recruit_cn`  (
  `id` varchar(32) CHARACTER SET utf8mb4 COLLATE utf8mb4_general_ci NOT NULL,
  `title` varchar(100) CHARACTER SET utf8mb4 COLLATE utf8mb4_general_ci NULL DEFAULT NULL COMMENT '标题',
  `content` longtext CHARACTER SET utf8mb4 COLLATE utf8mb4_general_ci NULL COMMENT '内容',
  `salary` varchar(100) CHARACTER SET utf8mb4 COLLATE utf8mb4_general_ci NULL DEFAULT NULL COMMENT '薪资',
  `edueation` varchar(500) CHARACTER SET utf8mb4 COLLATE utf8mb4_general_ci NULL DEFAULT NULL COMMENT '教育',
  `experience` varchar(500) CHARACTER SET utf8mb4 COLLATE utf8mb4_general_ci NULL DEFAULT NULL COMMENT '工作年限',
  `job_addr` varchar(100) CHARACTER SET utf8mb4 COLLATE utf8mb4_general_ci NULL DEFAULT NULL COMMENT '工作地点',
  `start_date` date NULL DEFAULT NULL COMMENT '开始日期',
  `end_date` date NULL DEFAULT NULL COMMENT '结束日期',
  `is_main` int(2) NULL DEFAULT 0 COMMENT '是否主要 0:不是 1:是',
  `long_cure` int(2) NULL DEFAULT 0 COMMENT '是否长期有效0:不是 1:是',
  `pic_name` varchar(100) CHARACTER SET utf8mb4 COLLATE utf8mb4_general_ci NULL DEFAULT NULL,
  `remark` varchar(500) CHARACTER SET utf8mb4 COLLATE utf8mb4_general_ci NULL DEFAULT NULL COMMENT '备注',
  `create_date` timestamp(0) NULL DEFAULT CURRENT_TIMESTAMP(0) COMMENT '录入日期',
  `category_id` varchar(32) CHARACTER SET utf8mb4 COLLATE utf8mb4_general_ci NULL DEFAULT NULL COMMENT '目录ID',
  `skill` varchar(500) CHARACTER SET utf8mb4 COLLATE utf8mb4_general_ci NULL DEFAULT NULL COMMENT '技能',
  PRIMARY KEY (`id`) USING BTREE
) ENGINE = MyISAM CHARACTER SET = utf8mb4 COLLATE = utf8mb4_general_ci COMMENT = '人才策略' ROW_FORMAT = Dynamic;

-- ----------------------------
-- Table structure for t_lyc_recruit_en
-- ----------------------------
DROP TABLE IF EXISTS `t_lyc_recruit_en`;
CREATE TABLE `t_lyc_recruit_en`  (
  `id` varchar(32) CHARACTER SET utf8mb4 COLLATE utf8mb4_general_ci NOT NULL,
  `title` varchar(100) CHARACTER SET utf8mb4 COLLATE utf8mb4_general_ci NULL DEFAULT NULL COMMENT '标题',
  `content` longtext CHARACTER SET utf8mb4 COLLATE utf8mb4_general_ci NULL COMMENT '内容',
  `salary` varchar(100) CHARACTER SET utf8mb4 COLLATE utf8mb4_general_ci NULL DEFAULT NULL COMMENT '工作类型',
  `edueation` varchar(500) CHARACTER SET utf8mb4 COLLATE utf8mb4_general_ci NULL DEFAULT NULL COMMENT '工作经验',
  `experience` varchar(500) CHARACTER SET utf8mb4 COLLATE utf8mb4_general_ci NULL DEFAULT NULL COMMENT '在我们这能获取的',
  `job_addr` varchar(100) CHARACTER SET utf8mb4 COLLATE utf8mb4_general_ci NULL DEFAULT NULL COMMENT '工作地点',
  `start_date` date NULL DEFAULT NULL COMMENT '开始日期',
  `end_date` date NULL DEFAULT NULL COMMENT '结束日期',
  `is_main` int(2) NULL DEFAULT 0 COMMENT '是否主要 0:不是 1:是',
  `long_cure` int(2) NULL DEFAULT 0 COMMENT '是否长期有效0:不是 1:是',
  `pic_name` varchar(100) CHARACTER SET utf8mb4 COLLATE utf8mb4_general_ci NULL DEFAULT NULL,
  `remark` varchar(500) CHARACTER SET utf8mb4 COLLATE utf8mb4_general_ci NULL DEFAULT NULL COMMENT '备注',
  `create_date` timestamp(0) NULL DEFAULT CURRENT_TIMESTAMP(0) COMMENT '录入日期',
  `category_id` varchar(32) CHARACTER SET utf8mb4 COLLATE utf8mb4_general_ci NULL DEFAULT NULL COMMENT '目录ID',
  `skill` varchar(500) CHARACTER SET utf8mb4 COLLATE utf8mb4_general_ci NULL DEFAULT NULL COMMENT '我们在寻找的',
  PRIMARY KEY (`id`) USING BTREE
) ENGINE = MyISAM CHARACTER SET = utf8mb4 COLLATE = utf8mb4_general_ci COMMENT = '人才策略' ROW_FORMAT = Dynamic;

-- ----------------------------
-- Table structure for t_lyc_tags
-- ----------------------------
DROP TABLE IF EXISTS `t_lyc_tags`;
CREATE TABLE `t_lyc_tags`  (
  `tags_id` varchar(32) CHARACTER SET utf8 COLLATE utf8_general_ci NOT NULL COMMENT '主键',
  `title_cn` varchar(100) CHARACTER SET utf8 COLLATE utf8_general_ci NOT NULL COMMENT '中文名称',
  `remark` varchar(200) CHARACTER SET utf8 COLLATE utf8_general_ci NULL DEFAULT NULL COMMENT '备注',
  `case_count` int(11) NOT NULL DEFAULT 0 COMMENT '案例数量',
  `parent_id` varchar(32) CHARACTER SET utf8 COLLATE utf8_general_ci NULL DEFAULT '-1' COMMENT '父节点ID',
  `title_en` varchar(100) CHARACTER SET utf8 COLLATE utf8_general_ci NULL DEFAULT NULL COMMENT '英文名称',
  PRIMARY KEY (`tags_id`) USING BTREE
) ENGINE = MyISAM CHARACTER SET = utf8 COLLATE = utf8_general_ci COMMENT = '案例标签' ROW_FORMAT = Dynamic;

-- ----------------------------
-- Records of t_lyc_tags
-- ----------------------------
INSERT INTO `t_lyc_tags` VALUES ('8F4B745C425144299D206684D9C2DDB9', '标签2', NULL, 0, '-1', 'TAG2');
INSERT INTO `t_lyc_tags` VALUES ('F27B25CE836C4805A405FC004FED4AC3', '标签1', NULL, 0, '-1', 'TAG1');
INSERT INTO `t_lyc_tags` VALUES ('87FEE3CB911C4D98A63D26682BD4D3A5', '标签3', NULL, 0, '-1', 'TAG3');
INSERT INTO `t_lyc_tags` VALUES ('53BCC0F1516841BAB4EDF89DB13B98B5', '标签4', NULL, 0, '-1', 'TAG4');

-- ----------------------------
-- Table structure for t_lyc_trades
-- ----------------------------
DROP TABLE IF EXISTS `t_lyc_trades`;
CREATE TABLE `t_lyc_trades`  (
  `trades_id` varchar(32) CHARACTER SET utf8 COLLATE utf8_general_ci NOT NULL COMMENT '主键',
  `title_cn` varchar(100) CHARACTER SET utf8 COLLATE utf8_general_ci NOT NULL COMMENT '中文名称',
  `remark` varchar(200) CHARACTER SET utf8 COLLATE utf8_general_ci NULL DEFAULT NULL COMMENT '备注',
  `case_count` int(11) NOT NULL DEFAULT 0 COMMENT '案例数量',
  `parent_id` varchar(32) CHARACTER SET utf8 COLLATE utf8_general_ci NULL DEFAULT '-1' COMMENT '父节点ID',
  `title_en` varchar(200) CHARACTER SET utf8 COLLATE utf8_general_ci NULL DEFAULT NULL COMMENT '英文名称',
  PRIMARY KEY (`trades_id`) USING BTREE
) ENGINE = MyISAM CHARACTER SET = utf8 COLLATE = utf8_general_ci COMMENT = '行业表' ROW_FORMAT = Dynamic;

-- ----------------------------
-- Records of t_lyc_trades
-- ----------------------------
INSERT INTO `t_lyc_trades` VALUES ('CC7CDCF7758C499DA5CBE345829800B8', '体育', NULL, 26, '-1', 'SPORTS');
INSERT INTO `t_lyc_trades` VALUES ('B6500BAEF7D343CAA23B61AB9BCDEB44', '购物', NULL, 1, '-1', 'SHOPPING');

-- ----------------------------
-- Table structure for t_lyc_years
-- ----------------------------
DROP TABLE IF EXISTS `t_lyc_years`;
CREATE TABLE `t_lyc_years`  (
  `years_code` varchar(50) CHARACTER SET utf8 COLLATE utf8_general_ci NOT NULL COMMENT '主键',
  `case_count` int(11) NOT NULL DEFAULT 0 COMMENT '案例数量',
  PRIMARY KEY (`years_code`) USING BTREE
) ENGINE = MyISAM CHARACTER SET = utf8 COLLATE = utf8_general_ci COMMENT = '年度表（暂时无用）' ROW_FORMAT = Dynamic;

-- ----------------------------
-- Records of t_lyc_years
-- ----------------------------
INSERT INTO `t_lyc_years` VALUES ('2017', 0);
INSERT INTO `t_lyc_years` VALUES ('2016', 0);
INSERT INTO `t_lyc_years` VALUES ('2018', 0);

-- ----------------------------
-- Table structure for t_user
-- ----------------------------
DROP TABLE IF EXISTS `t_user`;
CREATE TABLE `t_user`  (
  `user_id` varchar(32) CHARACTER SET utf8 COLLATE utf8_general_ci NOT NULL COMMENT '主键',
  `login_id` varchar(100) CHARACTER SET utf8 COLLATE utf8_general_ci NOT NULL COMMENT '登录名',
  `pwd` varchar(200) CHARACTER SET utf8 COLLATE utf8_general_ci NOT NULL COMMENT '密码',
  PRIMARY KEY (`user_id`) USING BTREE
) ENGINE = MyISAM CHARACTER SET = utf8 COLLATE = utf8_general_ci COMMENT = '用户表' ROW_FORMAT = Dynamic;

-- ----------------------------
-- Records of t_user
-- ----------------------------
INSERT INTO `t_user` VALUES ('1', 'admin', '1718181d566a86c1c2bb346fc1963aa1');
INSERT INTO `t_user` VALUES ('2', 'manager', '16a35d545f3e4ce6e633ba6fd3a27ae5');

-- ----------------------------
-- View structure for v_lyc_info_classified_ext
-- ----------------------------
DROP VIEW IF EXISTS `v_lyc_info_classified_ext`;
CREATE ALGORITHM = UNDEFINED SQL SECURITY DEFINER VIEW `v_lyc_info_classified_ext` AS select group_concat(`classified`.`title_cn` separator ',') AS `classified_title_cn`,group_concat(`classified`.`title_en` separator ',') AS `classified_title_en`,group_concat(`classified`.`classified_id` separator ',') AS `classified_id`,`info`.`info_id` AS `info_id` from ((`t_lyc_info` `info` left join `t_lyc_info_classified` `infoc` on((`info`.`info_id` = `infoc`.`info_id`))) left join `t_lyc_classified` `classified` on((`infoc`.`classified_id` = `classified`.`classified_id`))) group by `info`.`info_id`;

-- ----------------------------
-- View structure for v_lyc_info_ext
-- ----------------------------
DROP VIEW IF EXISTS `v_lyc_info_ext`;
CREATE ALGORITHM = UNDEFINED SQL SECURITY DEFINER VIEW `v_lyc_info_ext` AS select `brands`.`title_en` AS `brands_title_en`,`brands`.`title_cn` AS `brands_title_cn`,`country`.`title_cn` AS `country_title_cn`,`country`.`title_en` AS `country_title_en`,`trades`.`title_cn` AS `trades_title_cn`,`trades`.`title_en` AS `trades_title_en`,`classified`.`classified_title_cn` AS `classified_title_cn`,`classified`.`classified_title_en` AS `classified_title_en`,`classified`.`classified_id` AS `classified_id`,`tags`.`tags_title_cn` AS `tags_title_cn`,`tags`.`tags_title_en` AS `tags_title_en`,`tags`.`tags_id` AS `tags_id`,`info`.`info_id` AS `info_id`,`info`.`info_type` AS `info_type`,`info`.`info_title_en` AS `info_title_en`,`info`.`info_title_cn` AS `info_title_cn`,`info`.`info_remark_en` AS `info_remark_en`,`info`.`info_remark_cn` AS `info_remark_cn`,`info`.`info_res_name` AS `info_res_name`,`info`.`create_date` AS `create_date`,`info`.`opt_date` AS `opt_date`,`info`.`sort_filed` AS `sort_filed`,`info`.`info_month` AS `info_month`,`info`.`country_id` AS `country_id`,`info`.`brands_id` AS `brands_id`,`info`.`years_code` AS `years_code`,`info`.`trade_id` AS `trade_id`,`info`.`browser` AS `browser`,`info`.`hits` AS `hits` from (((((((select `lyc`.`t_lyc_info`.`info_id` AS `info_id`,`lyc`.`t_lyc_info`.`info_type` AS `info_type`,`lyc`.`t_lyc_info`.`info_title_en` AS `info_title_en`,`lyc`.`t_lyc_info`.`info_title_cn` AS `info_title_cn`,`lyc`.`t_lyc_info`.`info_remark_en` AS `info_remark_en`,`lyc`.`t_lyc_info`.`info_remark_cn` AS `info_remark_cn`,`lyc`.`t_lyc_info`.`info_res_name` AS `info_res_name`,`lyc`.`t_lyc_info`.`create_date` AS `create_date`,`lyc`.`t_lyc_info`.`opt_date` AS `opt_date`,`lyc`.`t_lyc_info`.`sort_filed` AS `sort_filed`,`lyc`.`t_lyc_info`.`info_month` AS `info_month`,`lyc`.`t_lyc_info`.`country_id` AS `country_id`,`lyc`.`t_lyc_info`.`brands_id` AS `brands_id`,`lyc`.`t_lyc_info`.`years_code` AS `years_code`,`lyc`.`t_lyc_info`.`trade_id` AS `trade_id`,`lyc`.`t_lyc_info`.`browser` AS `browser`,`lyc`.`t_lyc_info`.`hits` AS `hits` from `lyc`.`t_lyc_info` where (`lyc`.`t_lyc_info`.`info_type` = 0))) `info` left join `lyc`.`t_lyc_brands` `brands` on((`info`.`brands_id` = `brands`.`brands_id`))) left join `lyc`.`t_lyc_country` `country` on((`info`.`country_id` = `country`.`country_id`))) left join `lyc`.`t_lyc_trades` `trades` on((`info`.`trade_id` = `trades`.`trades_id`))) left join `lyc`.`v_lyc_info_classified_ext` `classified` on((`info`.`info_id` = `classified`.`info_id`))) left join `lyc`.`v_lyc_info_tags_ext` `tags` on((`info`.`info_id` = `tags`.`info_id`)));

-- ----------------------------
-- View structure for v_lyc_info_search
-- ----------------------------
DROP VIEW IF EXISTS `v_lyc_info_search`;
CREATE ALGORITHM = UNDEFINED SQL SECURITY DEFINER VIEW `v_lyc_info_search` AS select `v_lyc_info_ext`.`brands_title_en` AS `brands_title_en`,`v_lyc_info_ext`.`brands_title_cn` AS `brands_title_cn`,`v_lyc_info_ext`.`country_title_cn` AS `country_title_cn`,`v_lyc_info_ext`.`country_title_en` AS `country_title_en`,`v_lyc_info_ext`.`trades_title_cn` AS `trades_title_cn`,`v_lyc_info_ext`.`trades_title_en` AS `trades_title_en`,`v_lyc_info_ext`.`classified_title_cn` AS `classified_title_cn`,`v_lyc_info_ext`.`classified_title_en` AS `classified_title_en`,`v_lyc_info_ext`.`classified_id` AS `classified_id`,`v_lyc_info_ext`.`tags_title_cn` AS `tags_title_cn`,`v_lyc_info_ext`.`tags_title_en` AS `tags_title_en`,`v_lyc_info_ext`.`tags_id` AS `tags_id`,`v_lyc_info_ext`.`info_id` AS `info_id`,`v_lyc_info_ext`.`info_type` AS `info_type`,`v_lyc_info_ext`.`info_title_en` AS `info_title_en`,`v_lyc_info_ext`.`info_title_cn` AS `info_title_cn`,`v_lyc_info_ext`.`info_remark_en` AS `info_remark_en`,`v_lyc_info_ext`.`info_remark_cn` AS `info_remark_cn`,`v_lyc_info_ext`.`info_res_name` AS `info_res_name`,`v_lyc_info_ext`.`create_date` AS `create_date`,`v_lyc_info_ext`.`opt_date` AS `opt_date`,`v_lyc_info_ext`.`sort_filed` AS `sort_filed`,`v_lyc_info_ext`.`info_month` AS `info_month`,`v_lyc_info_ext`.`country_id` AS `country_id`,`v_lyc_info_ext`.`brands_id` AS `brands_id`,`v_lyc_info_ext`.`years_code` AS `years_code`,`v_lyc_info_ext`.`trade_id` AS `trade_id`,`v_lyc_info_ext`.`browser` AS `browser`,`v_lyc_info_ext`.`hits` AS `hits`,concat(ifnull(`v_lyc_info_ext`.`country_title_en`,''),'|',ifnull(`v_lyc_info_ext`.`trades_title_en`,''),'|',ifnull(`v_lyc_info_ext`.`classified_title_en`,''),'|',ifnull(`v_lyc_info_ext`.`tags_title_en`,''),'|',ifnull(`v_lyc_info_ext`.`info_title_en`,''),'|',ifnull(`v_lyc_info_ext`.`info_remark_en`,''),'|',ifnull(`v_lyc_info_ext`.`info_res_name`,''),'|',ifnull(`v_lyc_info_ext`.`info_month`,''),'|',ifnull(`v_lyc_info_ext`.`years_code`,'')) AS `key_all_en`,concat(`v_lyc_info_ext`.`brands_title_cn`,'|',`v_lyc_info_ext`.`country_title_cn`,'|',`v_lyc_info_ext`.`trades_title_cn`,'|',`v_lyc_info_ext`.`classified_title_cn`,'|',`v_lyc_info_ext`.`tags_title_cn`,'|',`v_lyc_info_ext`.`info_title_cn`,'|',`v_lyc_info_ext`.`info_remark_cn`,'|',`v_lyc_info_ext`.`info_res_name`,'|',`v_lyc_info_ext`.`info_month`,'|',`v_lyc_info_ext`.`years_code`) AS `key_all_cn` from `lyc`.`v_lyc_info_ext`;

-- ----------------------------
-- View structure for v_lyc_info_tags_ext
-- ----------------------------
DROP VIEW IF EXISTS `v_lyc_info_tags_ext`;
CREATE ALGORITHM = UNDEFINED SQL SECURITY DEFINER VIEW `v_lyc_info_tags_ext` AS select group_concat(`tags`.`title_cn` separator ',') AS `tags_title_cn`,group_concat(`tags`.`title_en` separator ',') AS `tags_title_en`,group_concat(`tags`.`tags_id` separator ',') AS `tags_id`,`info`.`info_id` AS `info_id` from ((`t_lyc_info` `info` left join `t_lyc_info_tags` `infot` on((`info`.`info_id` = `infot`.`info_id`))) left join `t_lyc_tags` `tags` on((`infot`.`tags_id` = `tags`.`tags_id`))) group by `info`.`info_id`;

SET FOREIGN_KEY_CHECKS = 1;
